{
  "fio version" : "fio-3.28",
  "timestamp" : 1690467144,
  "timestamp_ms" : 1690467144618,
  "time" : "Thu Jul 27 14:12:24 2023",
  "global options" : {
    "bs" : "128k",
    "ioengine" : "libaio",
    "rw" : "randread",
    "size" : "1G",
    "name" : "test",
    "numjobs" : "1",
    "group_reporting" : "1",
    "iodepth" : "128",
    "fallocate" : "native",
    "runtime" : "120",
    "directory" : "/home/sevag/fuse_boc",
    "nrfiles" : "1"
  },
  "jobs" : [
    {
      "jobname" : "jobs1",
      "groupid" : 0,
      "error" : 0,
      "eta" : 2147483647,
      "elapsed" : 2,
      "job options" : {
        "filename_format" : "f$filenum"
      },
      "read" : {
        "io_bytes" : 1073741824,
        "io_kbytes" : 1048576,
        "bw_bytes" : 1191722335,
        "bw" : 1163791,
        "iops" : 9092.119867,
        "runtime" : 901,
        "total_ios" : 8192,
        "short_ios" : 0,
        "drop_ios" : 0,
        "slat_ns" : {
          "min" : 96907,
          "max" : 587720,
          "mean" : 108266.431030,
          "stddev" : 28381.900032,
          "N" : 8192
        },
        "clat_ns" : {
          "min" : 2587,
          "max" : 38939702,
          "mean" : 13602081.050415,
          "stddev" : 1970381.425447,
          "N" : 8192,
          "percentile" : {
            "1.000000" : 8585216,
            "5.000000" : 13303808,
            "10.000000" : 13303808,
            "20.000000" : 13303808,
            "30.000000" : 13303808,
            "40.000000" : 13303808,
            "50.000000" : 13303808,
            "60.000000" : 13303808,
            "70.000000" : 13303808,
            "80.000000" : 13434880,
            "90.000000" : 14483456,
            "95.000000" : 15532032,
            "99.000000" : 20840448,
            "99.500000" : 26869760,
            "99.900000" : 36438016,
            "99.950000" : 37486592,
            "99.990000" : 39059456
          }
        },
        "lat_ns" : {
          "min" : 106272,
          "max" : 39529713,
          "mean" : 13710553.562012,
          "stddev" : 1994431.943450,
          "N" : 8192
        },
        "bw_min" : 1086208,
        "bw_max" : 1086208,
        "bw_agg" : 93.333569,
        "bw_mean" : 1086208.000000,
        "bw_dev" : 0.000000,
        "bw_samples" : 1,
        "iops_min" : 8486,
        "iops_max" : 8486,
        "iops_mean" : 8486.000000,
        "iops_stddev" : 0.000000,
        "iops_samples" : 1
      },
      "write" : {
        "io_bytes" : 0,
        "io_kbytes" : 0,
        "bw_bytes" : 0,
        "bw" : 0,
        "iops" : 0.000000,
        "runtime" : 0,
        "total_ios" : 0,
        "short_ios" : 0,
        "drop_ios" : 0,
        "slat_ns" : {
          "min" : 0,
          "max" : 0,
          "mean" : 0.000000,
          "stddev" : 0.000000,
          "N" : 0
        },
        "clat_ns" : {
          "min" : 0,
          "max" : 0,
          "mean" : 0.000000,
          "stddev" : 0.000000,
          "N" : 0
        },
        "lat_ns" : {
          "min" : 0,
          "max" : 0,
          "mean" : 0.000000,
          "stddev" : 0.000000,
          "N" : 0
        },
        "bw_min" : 0,
        "bw_max" : 0,
        "bw_agg" : 0.000000,
        "bw_mean" : 0.000000,
        "bw_dev" : 0.000000,
        "bw_samples" : 0,
        "iops_min" : 0,
        "iops_max" : 0,
        "iops_mean" : 0.000000,
        "iops_stddev" : 0.000000,
        "iops_samples" : 0
      },
      "trim" : {
        "io_bytes" : 0,
        "io_kbytes" : 0,
        "bw_bytes" : 0,
        "bw" : 0,
        "iops" : 0.000000,
        "runtime" : 0,
        "total_ios" : 0,
        "short_ios" : 0,
        "drop_ios" : 0,
        "slat_ns" : {
          "min" : 0,
          "max" : 0,
          "mean" : 0.000000,
          "stddev" : 0.000000,
          "N" : 0
        },
        "clat_ns" : {
          "min" : 0,
          "max" : 0,
          "mean" : 0.000000,
          "stddev" : 0.000000,
          "N" : 0
        },
        "lat_ns" : {
          "min" : 0,
          "max" : 0,
          "mean" : 0.000000,
          "stddev" : 0.000000,
          "N" : 0
        },
        "bw_min" : 0,
        "bw_max" : 0,
        "bw_agg" : 0.000000,
        "bw_mean" : 0.000000,
        "bw_dev" : 0.000000,
        "bw_samples" : 0,
        "iops_min" : 0,
        "iops_max" : 0,
        "iops_mean" : 0.000000,
        "iops_stddev" : 0.000000,
        "iops_samples" : 0
      },
      "sync" : {
        "total_ios" : 0,
        "lat_ns" : {
          "min" : 0,
          "max" : 0,
          "mean" : 0.000000,
          "stddev" : 0.000000,
          "N" : 0
        }
      },
      "job_runtime" : 900,
      "usr_cpu" : 0.333333,
      "sys_cpu" : 57.777778,
      "ctx" : 8195,
      "majf" : 0,
      "minf" : 4107,
      "iodepth_level" : {
        "1" : 0.100000,
        "2" : 0.100000,
        "4" : 0.100000,
        "8" : 0.100000,
        "16" : 0.195312,
        "32" : 0.390625,
        ">=64" : 99.230957
      },
      "iodepth_submit" : {
        "0" : 0.000000,
        "4" : 100.000000,
        "8" : 0.000000,
        "16" : 0.000000,
        "32" : 0.000000,
        "64" : 0.000000,
        ">=64" : 0.000000
      },
      "iodepth_complete" : {
        "0" : 0.000000,
        "4" : 99.987602,
        "8" : 0.000000,
        "16" : 0.000000,
        "32" : 0.000000,
        "64" : 0.000000,
        ">=64" : 0.100000
      },
      "latency_ns" : {
        "2" : 0.000000,
        "4" : 0.000000,
        "10" : 0.000000,
        "20" : 0.000000,
        "50" : 0.000000,
        "100" : 0.000000,
        "250" : 0.000000,
        "500" : 0.000000,
        "750" : 0.000000,
        "1000" : 0.000000
      },
      "latency_us" : {
        "2" : 0.000000,
        "4" : 0.012207,
        "10" : 0.000000,
        "20" : 0.000000,
        "50" : 0.000000,
        "100" : 0.000000,
        "250" : 0.024414,
        "500" : 0.024414,
        "750" : 0.036621,
        "1000" : 0.024414
      },
      "latency_ms" : {
        "2" : 0.109863,
        "4" : 0.231934,
        "10" : 0.695801,
        "20" : 97.729492,
        "50" : 1.110840,
        "100" : 0.000000,
        "250" : 0.000000,
        "500" : 0.000000,
        "750" : 0.000000,
        "1000" : 0.000000,
        "2000" : 0.000000,
        ">=2000" : 0.000000
      },
      "latency_depth" : 128,
      "latency_target" : 0,
      "latency_percentile" : 100.000000,
      "latency_window" : 0
    }
  ]
}
