{
  "fio version" : "fio-3.28",
  "timestamp" : 1690480634,
  "timestamp_ms" : 1690480634367,
  "time" : "Thu Jul 27 17:57:14 2023",
  "global options" : {
    "bs" : "128k",
    "ioengine" : "libaio",
    "rw" : "read",
    "size" : "1G",
    "name" : "test",
    "numjobs" : "32",
    "group_reporting" : "1",
    "iodepth" : "128",
    "fallocate" : "native",
    "runtime" : "120",
    "directory" : "/tmp/ssfs/home/sevag/fuse_ext4",
    "nrfiles" : "64"
  },
  "jobs" : [
    {
      "jobname" : "jobs1",
      "groupid" : 0,
      "error" : 0,
      "eta" : 2147483647,
      "elapsed" : 1,
      "job options" : {
        "filename_format" : "f$filenum"
      },
      "read" : {
        "io_bytes" : 1073741824,
        "io_kbytes" : 1048576,
        "bw_bytes" : 1536111336,
        "bw" : 1500108,
        "iops" : 11719.599428,
        "runtime" : 699,
        "total_ios" : 8192,
        "short_ios" : 0,
        "drop_ios" : 0,
        "slat_ns" : {
          "min" : 27570,
          "max" : 1030523,
          "mean" : 78652.728394,
          "stddev" : 68956.597811,
          "N" : 8192
        },
        "clat_ns" : {
          "min" : 3052,
          "max" : 106422356,
          "mean" : 9763783.079834,
          "stddev" : 6267669.138012,
          "N" : 8192,
          "percentile" : {
            "1.000000" : 2637824,
            "5.000000" : 9240576,
            "10.000000" : 9240576,
            "20.000000" : 9240576,
            "30.000000" : 9240576,
            "40.000000" : 9371648,
            "50.000000" : 9371648,
            "60.000000" : 9371648,
            "70.000000" : 9371648,
            "80.000000" : 9371648,
            "90.000000" : 9502720,
            "95.000000" : 9502720,
            "99.000000" : 21626880,
            "99.500000" : 72876032,
            "99.900000" : 99090432,
            "99.950000" : 102236160,
            "99.990000" : 106430464
          }
        },
        "lat_ns" : {
          "min" : 35304,
          "max" : 107455366,
          "mean" : 9842544.626587,
          "stddev" : 6321386.593834,
          "N" : 8192
        },
        "bw_min" : 1409759,
        "bw_max" : 1409759,
        "bw_agg" : 93.977121,
        "bw_mean" : 1409759.000000,
        "bw_dev" : 0.000000,
        "bw_samples" : 1,
        "iops_min" : 11013,
        "iops_max" : 11013,
        "iops_mean" : 11013.000000,
        "iops_stddev" : 0.000000,
        "iops_samples" : 1
      },
      "write" : {
        "io_bytes" : 0,
        "io_kbytes" : 0,
        "bw_bytes" : 0,
        "bw" : 0,
        "iops" : 0.000000,
        "runtime" : 0,
        "total_ios" : 0,
        "short_ios" : 0,
        "drop_ios" : 0,
        "slat_ns" : {
          "min" : 0,
          "max" : 0,
          "mean" : 0.000000,
          "stddev" : 0.000000,
          "N" : 0
        },
        "clat_ns" : {
          "min" : 0,
          "max" : 0,
          "mean" : 0.000000,
          "stddev" : 0.000000,
          "N" : 0
        },
        "lat_ns" : {
          "min" : 0,
          "max" : 0,
          "mean" : 0.000000,
          "stddev" : 0.000000,
          "N" : 0
        },
        "bw_min" : 0,
        "bw_max" : 0,
        "bw_agg" : 0.000000,
        "bw_mean" : 0.000000,
        "bw_dev" : 0.000000,
        "bw_samples" : 0,
        "iops_min" : 0,
        "iops_max" : 0,
        "iops_mean" : 0.000000,
        "iops_stddev" : 0.000000,
        "iops_samples" : 0
      },
      "trim" : {
        "io_bytes" : 0,
        "io_kbytes" : 0,
        "bw_bytes" : 0,
        "bw" : 0,
        "iops" : 0.000000,
        "runtime" : 0,
        "total_ios" : 0,
        "short_ios" : 0,
        "drop_ios" : 0,
        "slat_ns" : {
          "min" : 0,
          "max" : 0,
          "mean" : 0.000000,
          "stddev" : 0.000000,
          "N" : 0
        },
        "clat_ns" : {
          "min" : 0,
          "max" : 0,
          "mean" : 0.000000,
          "stddev" : 0.000000,
          "N" : 0
        },
        "lat_ns" : {
          "min" : 0,
          "max" : 0,
          "mean" : 0.000000,
          "stddev" : 0.000000,
          "N" : 0
        },
        "bw_min" : 0,
        "bw_max" : 0,
        "bw_agg" : 0.000000,
        "bw_mean" : 0.000000,
        "bw_dev" : 0.000000,
        "bw_samples" : 0,
        "iops_min" : 0,
        "iops_max" : 0,
        "iops_mean" : 0.000000,
        "iops_stddev" : 0.000000,
        "iops_samples" : 0
      },
      "sync" : {
        "total_ios" : 0,
        "lat_ns" : {
          "min" : 0,
          "max" : 0,
          "mean" : 0.000000,
          "stddev" : 0.000000,
          "N" : 0
        }
      },
      "job_runtime" : 701,
      "usr_cpu" : 1.283880,
      "sys_cpu" : 89.015692,
      "ctx" : 138,
      "majf" : 0,
      "minf" : 4174,
      "iodepth_level" : {
        "1" : 0.100000,
        "2" : 0.100000,
        "4" : 0.100000,
        "8" : 0.100000,
        "16" : 0.195312,
        "32" : 0.390625,
        ">=64" : 99.230957
      },
      "iodepth_submit" : {
        "0" : 0.000000,
        "4" : 100.000000,
        "8" : 0.000000,
        "16" : 0.000000,
        "32" : 0.000000,
        "64" : 0.000000,
        ">=64" : 0.000000
      },
      "iodepth_complete" : {
        "0" : 0.000000,
        "4" : 99.987602,
        "8" : 0.000000,
        "16" : 0.000000,
        "32" : 0.000000,
        "64" : 0.000000,
        ">=64" : 0.100000
      },
      "latency_ns" : {
        "2" : 0.000000,
        "4" : 0.000000,
        "10" : 0.000000,
        "20" : 0.000000,
        "50" : 0.000000,
        "100" : 0.000000,
        "250" : 0.000000,
        "500" : 0.000000,
        "750" : 0.000000,
        "1000" : 0.000000
      },
      "latency_us" : {
        "2" : 0.000000,
        "4" : 0.012207,
        "10" : 0.000000,
        "20" : 0.000000,
        "50" : 0.012207,
        "100" : 0.024414,
        "250" : 0.048828,
        "500" : 0.097656,
        "750" : 0.097656,
        "1000" : 0.085449
      },
      "latency_ms" : {
        "2" : 0.366211,
        "4" : 0.744629,
        "10" : 95.544434,
        "20" : 1.892090,
        "50" : 0.463867,
        "100" : 0.524902,
        "250" : 0.085449,
        "500" : 0.000000,
        "750" : 0.000000,
        "1000" : 0.000000,
        "2000" : 0.000000,
        ">=2000" : 0.000000
      },
      "latency_depth" : 128,
      "latency_target" : 0,
      "latency_percentile" : 100.000000,
      "latency_window" : 0
    }
  ]
}
