{
  "fio version" : "fio-3.28",
  "timestamp" : 1690549073,
  "timestamp_ms" : 1690549073860,
  "time" : "Fri Jul 28 12:57:53 2023",
  "global options" : {
    "bs" : "32k",
    "ioengine" : "libaio",
    "rw" : "write",
    "size" : "30G",
    "name" : "test",
    "numjobs" : "16",
    "group_reporting" : "1",
    "iodepth" : "128",
    "fallocate" : "native",
    "runtime" : "120",
    "directory" : "/home/sevag/fuse_boc",
    "nrfiles" : "8196"
  },
  "jobs" : [
    {
      "jobname" : "jobs1",
      "groupid" : 0,
      "error" : 0,
      "eta" : 0,
      "elapsed" : 84,
      "job options" : {
        "filename_format" : "f$filenum"
      },
      "read" : {
        "io_bytes" : 0,
        "io_kbytes" : 0,
        "bw_bytes" : 0,
        "bw" : 0,
        "iops" : 0.000000,
        "runtime" : 0,
        "total_ios" : 0,
        "short_ios" : 0,
        "drop_ios" : 0,
        "slat_ns" : {
          "min" : 0,
          "max" : 0,
          "mean" : 0.000000,
          "stddev" : 0.000000,
          "N" : 0
        },
        "clat_ns" : {
          "min" : 0,
          "max" : 0,
          "mean" : 0.000000,
          "stddev" : 0.000000,
          "N" : 0
        },
        "lat_ns" : {
          "min" : 0,
          "max" : 0,
          "mean" : 0.000000,
          "stddev" : 0.000000,
          "N" : 0
        },
        "bw_min" : 0,
        "bw_max" : 0,
        "bw_agg" : 0.000000,
        "bw_mean" : 0.000000,
        "bw_dev" : 0.000000,
        "bw_samples" : 0,
        "iops_min" : 0,
        "iops_max" : 0,
        "iops_mean" : 0.000000,
        "iops_stddev" : 0.000000,
        "iops_samples" : 0
      },
      "write" : {
        "io_bytes" : 31959416832,
        "io_kbytes" : 31210368,
        "bw_bytes" : 385787605,
        "bw" : 376745,
        "iops" : 11773.303397,
        "runtime" : 82842,
        "total_ios" : 975324,
        "short_ios" : 0,
        "drop_ios" : 0,
        "slat_ns" : {
          "min" : 11972,
          "max" : 134609623,
          "mean" : 81881.824473,
          "stddev" : 926369.610899,
          "N" : 975324
        },
        "clat_ns" : {
          "min" : 2100234,
          "max" : 786361981,
          "mean" : 10693034.621090,
          "stddev" : 9313382.786799,
          "N" : 975324,
          "percentile" : {
            "1.000000" : 3293184,
            "5.000000" : 4177920,
            "10.000000" : 4423680,
            "20.000000" : 4423680,
            "30.000000" : 4554752,
            "40.000000" : 5079040,
            "50.000000" : 5144576,
            "60.000000" : 5341184,
            "70.000000" : 20054016,
            "80.000000" : 21889024,
            "90.000000" : 22937600,
            "95.000000" : 23461888,
            "99.000000" : 24510464,
            "99.500000" : 25296896,
            "99.900000" : 27918336,
            "99.950000" : 28704768,
            "99.990000" : 350224384
          }
        },
        "lat_ns" : {
          "min" : 2115950,
          "max" : 786433729,
          "mean" : 10775235.930042,
          "stddev" : 9359519.370415,
          "N" : 975324
        },
        "bw_min" : 184368,
        "bw_max" : 559040,
        "bw_agg" : 100.000000,
        "bw_mean" : 380654.146341,
        "bw_dev" : 25992.401107,
        "bw_samples" : 164,
        "iops_min" : 5761,
        "iops_max" : 17470,
        "iops_mean" : 11895.396341,
        "iops_stddev" : 812.294739,
        "iops_samples" : 164
      },
      "trim" : {
        "io_bytes" : 0,
        "io_kbytes" : 0,
        "bw_bytes" : 0,
        "bw" : 0,
        "iops" : 0.000000,
        "runtime" : 0,
        "total_ios" : 0,
        "short_ios" : 0,
        "drop_ios" : 0,
        "slat_ns" : {
          "min" : 0,
          "max" : 0,
          "mean" : 0.000000,
          "stddev" : 0.000000,
          "N" : 0
        },
        "clat_ns" : {
          "min" : 0,
          "max" : 0,
          "mean" : 0.000000,
          "stddev" : 0.000000,
          "N" : 0
        },
        "lat_ns" : {
          "min" : 0,
          "max" : 0,
          "mean" : 0.000000,
          "stddev" : 0.000000,
          "N" : 0
        },
        "bw_min" : 0,
        "bw_max" : 0,
        "bw_agg" : 0.000000,
        "bw_mean" : 0.000000,
        "bw_dev" : 0.000000,
        "bw_samples" : 0,
        "iops_min" : 0,
        "iops_max" : 0,
        "iops_mean" : 0.000000,
        "iops_stddev" : 0.000000,
        "iops_samples" : 0
      },
      "sync" : {
        "total_ios" : 0,
        "lat_ns" : {
          "min" : 0,
          "max" : 0,
          "mean" : 0.000000,
          "stddev" : 0.000000,
          "N" : 0
        }
      },
      "job_runtime" : 82841,
      "usr_cpu" : 4.342053,
      "sys_cpu" : 39.138832,
      "ctx" : 34802,
      "majf" : 0,
      "minf" : 107,
      "iodepth_level" : {
        "1" : 0.100000,
        "2" : 0.100000,
        "4" : 0.100000,
        "8" : 0.100000,
        "16" : 0.100000,
        "32" : 0.100000,
        ">=64" : 99.993541
      },
      "iodepth_submit" : {
        "0" : 0.000000,
        "4" : 100.000000,
        "8" : 0.000000,
        "16" : 0.000000,
        "32" : 0.000000,
        "64" : 0.000000,
        ">=64" : 0.000000
      },
      "iodepth_complete" : {
        "0" : 0.000000,
        "4" : 99.999897,
        "8" : 0.000000,
        "16" : 0.000000,
        "32" : 0.000000,
        "64" : 0.000000,
        ">=64" : 0.100000
      },
      "latency_ns" : {
        "2" : 0.000000,
        "4" : 0.000000,
        "10" : 0.000000,
        "20" : 0.000000,
        "50" : 0.000000,
        "100" : 0.000000,
        "250" : 0.000000,
        "500" : 0.000000,
        "750" : 0.000000,
        "1000" : 0.000000
      },
      "latency_us" : {
        "2" : 0.000000,
        "4" : 0.000000,
        "10" : 0.000000,
        "20" : 0.000000,
        "50" : 0.000000,
        "100" : 0.000000,
        "250" : 0.000000,
        "500" : 0.000000,
        "750" : 0.000000,
        "1000" : 0.000000
      },
      "latency_ms" : {
        "2" : 0.000000,
        "4" : 3.982677,
        "10" : 61.373041,
        "20" : 4.631384,
        "50" : 29.997929,
        "100" : 0.010000,
        "250" : 0.010000,
        "500" : 0.013739,
        "750" : 0.010000,
        "1000" : 0.010000,
        "2000" : 0.000000,
        ">=2000" : 0.000000
      },
      "latency_depth" : 128,
      "latency_target" : 0,
      "latency_percentile" : 100.000000,
      "latency_window" : 0
    }
  ]
}
