{
  "fio version" : "fio-3.28",
  "timestamp" : 1690468655,
  "timestamp_ms" : 1690468655998,
  "time" : "Thu Jul 27 14:37:35 2023",
  "global options" : {
    "bs" : "512k",
    "ioengine" : "libaio",
    "rw" : "write",
    "size" : "10G",
    "name" : "test",
    "numjobs" : "32",
    "group_reporting" : "1",
    "iodepth" : "128",
    "fallocate" : "native",
    "runtime" : "120",
    "directory" : "/home/sevag/fuse_boc",
    "nrfiles" : "1"
  },
  "jobs" : [
    {
      "jobname" : "jobs1",
      "groupid" : 0,
      "error" : 0,
      "eta" : 0,
      "elapsed" : 9,
      "job options" : {
        "filename_format" : "f$filenum"
      },
      "read" : {
        "io_bytes" : 0,
        "io_kbytes" : 0,
        "bw_bytes" : 0,
        "bw" : 0,
        "iops" : 0.000000,
        "runtime" : 0,
        "total_ios" : 0,
        "short_ios" : 0,
        "drop_ios" : 0,
        "slat_ns" : {
          "min" : 0,
          "max" : 0,
          "mean" : 0.000000,
          "stddev" : 0.000000,
          "N" : 0
        },
        "clat_ns" : {
          "min" : 0,
          "max" : 0,
          "mean" : 0.000000,
          "stddev" : 0.000000,
          "N" : 0
        },
        "lat_ns" : {
          "min" : 0,
          "max" : 0,
          "mean" : 0.000000,
          "stddev" : 0.000000,
          "N" : 0
        },
        "bw_min" : 0,
        "bw_max" : 0,
        "bw_agg" : 0.000000,
        "bw_mean" : 0.000000,
        "bw_dev" : 0.000000,
        "bw_samples" : 0,
        "iops_min" : 0,
        "iops_max" : 0,
        "iops_mean" : 0.000000,
        "iops_stddev" : 0.000000,
        "iops_samples" : 0
      },
      "write" : {
        "io_bytes" : 10737418240,
        "io_kbytes" : 10485760,
        "bw_bytes" : 1361062015,
        "bw" : 1329162,
        "iops" : 2596.019774,
        "runtime" : 7889,
        "total_ios" : 20480,
        "short_ios" : 0,
        "drop_ios" : 0,
        "slat_ns" : {
          "min" : 164209,
          "max" : 607752488,
          "mean" : 383398.323730,
          "stddev" : 4302990.517890,
          "N" : 20480
        },
        "clat_ns" : {
          "min" : 3337,
          "max" : 100388906,
          "mean" : 44689915.160010,
          "stddev" : 16786184.581096,
          "N" : 20480,
          "percentile" : {
            "1.000000" : 23986176,
            "5.000000" : 27918336,
            "10.000000" : 28442624,
            "20.000000" : 29229056,
            "30.000000" : 33423360,
            "40.000000" : 35389440,
            "50.000000" : 39583744,
            "60.000000" : 43778048,
            "70.000000" : 51642368,
            "80.000000" : 57933824,
            "90.000000" : 71827456,
            "95.000000" : 81264640,
            "99.000000" : 92798976,
            "99.500000" : 95944704,
            "99.900000" : 99090432,
            "99.950000" : 99090432,
            "99.990000" : 100139008
          }
        },
        "lat_ns" : {
          "min" : 293923,
          "max" : 704157166,
          "mean" : 45073559.060108,
          "stddev" : 17503421.477316,
          "N" : 20480
        },
        "bw_min" : 1108992,
        "bw_max" : 2277376,
        "bw_agg" : 100.000000,
        "bw_mean" : 1429920.500000,
        "bw_dev" : 344444.217333,
        "bw_samples" : 14,
        "iops_min" : 2166,
        "iops_max" : 4448,
        "iops_mean" : 2792.714286,
        "iops_stddev" : 672.726419,
        "iops_samples" : 14
      },
      "trim" : {
        "io_bytes" : 0,
        "io_kbytes" : 0,
        "bw_bytes" : 0,
        "bw" : 0,
        "iops" : 0.000000,
        "runtime" : 0,
        "total_ios" : 0,
        "short_ios" : 0,
        "drop_ios" : 0,
        "slat_ns" : {
          "min" : 0,
          "max" : 0,
          "mean" : 0.000000,
          "stddev" : 0.000000,
          "N" : 0
        },
        "clat_ns" : {
          "min" : 0,
          "max" : 0,
          "mean" : 0.000000,
          "stddev" : 0.000000,
          "N" : 0
        },
        "lat_ns" : {
          "min" : 0,
          "max" : 0,
          "mean" : 0.000000,
          "stddev" : 0.000000,
          "N" : 0
        },
        "bw_min" : 0,
        "bw_max" : 0,
        "bw_agg" : 0.000000,
        "bw_mean" : 0.000000,
        "bw_dev" : 0.000000,
        "bw_samples" : 0,
        "iops_min" : 0,
        "iops_max" : 0,
        "iops_mean" : 0.000000,
        "iops_stddev" : 0.000000,
        "iops_samples" : 0
      },
      "sync" : {
        "total_ios" : 0,
        "lat_ns" : {
          "min" : 0,
          "max" : 0,
          "mean" : 0.000000,
          "stddev" : 0.000000,
          "N" : 0
        }
      },
      "job_runtime" : 7888,
      "usr_cpu" : 5.540061,
      "sys_cpu" : 79.525862,
      "ctx" : 63,
      "majf" : 0,
      "minf" : 92,
      "iodepth_level" : {
        "1" : 0.100000,
        "2" : 0.100000,
        "4" : 0.100000,
        "8" : 0.100000,
        "16" : 0.100000,
        "32" : 0.156250,
        ">=64" : 99.692383
      },
      "iodepth_submit" : {
        "0" : 0.000000,
        "4" : 100.000000,
        "8" : 0.000000,
        "16" : 0.000000,
        "32" : 0.000000,
        "64" : 0.000000,
        ">=64" : 0.000000
      },
      "iodepth_complete" : {
        "0" : 0.000000,
        "4" : 99.995087,
        "8" : 0.000000,
        "16" : 0.000000,
        "32" : 0.000000,
        "64" : 0.000000,
        ">=64" : 0.100000
      },
      "latency_ns" : {
        "2" : 0.000000,
        "4" : 0.000000,
        "10" : 0.000000,
        "20" : 0.000000,
        "50" : 0.000000,
        "100" : 0.000000,
        "250" : 0.000000,
        "500" : 0.000000,
        "750" : 0.000000,
        "1000" : 0.000000
      },
      "latency_us" : {
        "2" : 0.000000,
        "4" : 0.010000,
        "10" : 0.000000,
        "20" : 0.000000,
        "50" : 0.000000,
        "100" : 0.000000,
        "250" : 0.000000,
        "500" : 0.010000,
        "750" : 0.010000,
        "1000" : 0.010000
      },
      "latency_ms" : {
        "2" : 0.014648,
        "4" : 0.039062,
        "10" : 0.107422,
        "20" : 0.180664,
        "50" : 67.963867,
        "100" : 31.650391,
        "250" : 0.024414,
        "500" : 0.000000,
        "750" : 0.000000,
        "1000" : 0.000000,
        "2000" : 0.000000,
        ">=2000" : 0.000000
      },
      "latency_depth" : 128,
      "latency_target" : 0,
      "latency_percentile" : 100.000000,
      "latency_window" : 0
    }
  ]
}
