{
  "fio version" : "fio-3.28",
  "timestamp" : 1690582909,
  "timestamp_ms" : 1690582909770,
  "time" : "Fri Jul 28 22:21:49 2023",
  "global options" : {
    "bs" : "4k",
    "ioengine" : "libaio",
    "rw" : "read",
    "size" : "10G",
    "name" : "test",
    "numjobs" : "8",
    "group_reporting" : "1",
    "iodepth" : "128",
    "fallocate" : "native",
    "directory" : "/home/sevag/fuse_boc/",
    "nrfiles" : "16"
  },
  "jobs" : [
    {
      "jobname" : "jobs1",
      "groupid" : 0,
      "error" : 0,
      "eta" : 0,
      "elapsed" : 7,
      "job options" : {
        "filename_format" : "f$filenum"
      },
      "read" : {
        "io_bytes" : 10737418240,
        "io_kbytes" : 10485760,
        "bw_bytes" : 1620742375,
        "bw" : 1582756,
        "iops" : 395689.056604,
        "runtime" : 6625,
        "total_ios" : 2621440,
        "short_ios" : 0,
        "drop_ios" : 0,
        "slat_ns" : {
          "min" : 705,
          "max" : 243021,
          "mean" : 1975.429382,
          "stddev" : 6918.566240,
          "N" : 2621440
        },
        "clat_ns" : {
          "min" : 1355,
          "max" : 5079919,
          "mean" : 320999.779516,
          "stddev" : 293554.000486,
          "N" : 2621440,
          "percentile" : {
            "1.000000" : 177152,
            "5.000000" : 179200,
            "10.000000" : 181248,
            "20.000000" : 183296,
            "30.000000" : 185344,
            "40.000000" : 187392,
            "50.000000" : 193536,
            "60.000000" : 264192,
            "70.000000" : 268288,
            "80.000000" : 268288,
            "90.000000" : 913408,
            "95.000000" : 954368,
            "99.000000" : 1433600,
            "99.500000" : 1449984,
            "99.900000" : 1449984,
            "99.950000" : 1482752,
            "99.990000" : 2072576
          }
        },
        "lat_ns" : {
          "min" : 3437,
          "max" : 5324862,
          "mean" : 323017.750766,
          "stddev" : 294660.901158,
          "N" : 2621440
        },
        "bw_min" : 1195092,
        "bw_max" : 1865032,
        "bw_agg" : 100.000000,
        "bw_mean" : 1586557.076923,
        "bw_dev" : 299627.071390,
        "bw_samples" : 13,
        "iops_min" : 298773,
        "iops_max" : 466260,
        "iops_mean" : 396639.384615,
        "iops_stddev" : 74906.830352,
        "iops_samples" : 13
      },
      "write" : {
        "io_bytes" : 0,
        "io_kbytes" : 0,
        "bw_bytes" : 0,
        "bw" : 0,
        "iops" : 0.000000,
        "runtime" : 0,
        "total_ios" : 0,
        "short_ios" : 0,
        "drop_ios" : 0,
        "slat_ns" : {
          "min" : 0,
          "max" : 0,
          "mean" : 0.000000,
          "stddev" : 0.000000,
          "N" : 0
        },
        "clat_ns" : {
          "min" : 0,
          "max" : 0,
          "mean" : 0.000000,
          "stddev" : 0.000000,
          "N" : 0
        },
        "lat_ns" : {
          "min" : 0,
          "max" : 0,
          "mean" : 0.000000,
          "stddev" : 0.000000,
          "N" : 0
        },
        "bw_min" : 0,
        "bw_max" : 0,
        "bw_agg" : 0.000000,
        "bw_mean" : 0.000000,
        "bw_dev" : 0.000000,
        "bw_samples" : 0,
        "iops_min" : 0,
        "iops_max" : 0,
        "iops_mean" : 0.000000,
        "iops_stddev" : 0.000000,
        "iops_samples" : 0
      },
      "trim" : {
        "io_bytes" : 0,
        "io_kbytes" : 0,
        "bw_bytes" : 0,
        "bw" : 0,
        "iops" : 0.000000,
        "runtime" : 0,
        "total_ios" : 0,
        "short_ios" : 0,
        "drop_ios" : 0,
        "slat_ns" : {
          "min" : 0,
          "max" : 0,
          "mean" : 0.000000,
          "stddev" : 0.000000,
          "N" : 0
        },
        "clat_ns" : {
          "min" : 0,
          "max" : 0,
          "mean" : 0.000000,
          "stddev" : 0.000000,
          "N" : 0
        },
        "lat_ns" : {
          "min" : 0,
          "max" : 0,
          "mean" : 0.000000,
          "stddev" : 0.000000,
          "N" : 0
        },
        "bw_min" : 0,
        "bw_max" : 0,
        "bw_agg" : 0.000000,
        "bw_mean" : 0.000000,
        "bw_dev" : 0.000000,
        "bw_samples" : 0,
        "iops_min" : 0,
        "iops_max" : 0,
        "iops_mean" : 0.000000,
        "iops_stddev" : 0.000000,
        "iops_samples" : 0
      },
      "sync" : {
        "total_ios" : 0,
        "lat_ns" : {
          "min" : 0,
          "max" : 0,
          "mean" : 0.000000,
          "stddev" : 0.000000,
          "N" : 0
        }
      },
      "job_runtime" : 6624,
      "usr_cpu" : 18.689614,
      "sys_cpu" : 81.219807,
      "ctx" : 46,
      "majf" : 0,
      "minf" : 152,
      "iodepth_level" : {
        "1" : 0.100000,
        "2" : 0.100000,
        "4" : 0.100000,
        "8" : 0.100000,
        "16" : 0.100000,
        "32" : 0.100000,
        ">=64" : 99.997597
      },
      "iodepth_submit" : {
        "0" : 0.000000,
        "4" : 100.000000,
        "8" : 0.000000,
        "16" : 0.000000,
        "32" : 0.000000,
        "64" : 0.000000,
        ">=64" : 0.000000
      },
      "iodepth_complete" : {
        "0" : 0.000000,
        "4" : 99.999962,
        "8" : 0.000000,
        "16" : 0.000000,
        "32" : 0.000000,
        "64" : 0.000000,
        ">=64" : 0.100000
      },
      "latency_ns" : {
        "2" : 0.000000,
        "4" : 0.000000,
        "10" : 0.000000,
        "20" : 0.000000,
        "50" : 0.000000,
        "100" : 0.000000,
        "250" : 0.000000,
        "500" : 0.000000,
        "750" : 0.000000,
        "1000" : 0.000000
      },
      "latency_us" : {
        "2" : 0.010000,
        "4" : 0.010000,
        "10" : 0.010000,
        "20" : 0.010000,
        "50" : 0.010000,
        "100" : 0.010000,
        "250" : 58.757515,
        "500" : 28.313332,
        "750" : 1.049957,
        "1000" : 7.975578
      },
      "latency_ms" : {
        "2" : 3.883286,
        "4" : 0.018158,
        "10" : 0.010000,
        "20" : 0.000000,
        "50" : 0.000000,
        "100" : 0.000000,
        "250" : 0.000000,
        "500" : 0.000000,
        "750" : 0.000000,
        "1000" : 0.000000,
        "2000" : 0.000000,
        ">=2000" : 0.000000
      },
      "latency_depth" : 128,
      "latency_target" : 0,
      "latency_percentile" : 100.000000,
      "latency_window" : 0
    }
  ]
}
