{
  "fio version" : "fio-3.28",
  "timestamp" : 1690481194,
  "timestamp_ms" : 1690481194748,
  "time" : "Thu Jul 27 18:06:34 2023",
  "global options" : {
    "bs" : "128k",
    "ioengine" : "libaio",
    "rw" : "randread",
    "size" : "30G",
    "name" : "test",
    "numjobs" : "1",
    "group_reporting" : "1",
    "iodepth" : "128",
    "fallocate" : "native",
    "runtime" : "120",
    "directory" : "/tmp/ssfs/home/sevag/fuse_ext4",
    "nrfiles" : "64"
  },
  "jobs" : [
    {
      "jobname" : "jobs1",
      "groupid" : 0,
      "error" : 0,
      "eta" : 0,
      "elapsed" : 99,
      "job options" : {
        "filename_format" : "f$filenum"
      },
      "read" : {
        "io_bytes" : 32212254720,
        "io_kbytes" : 31457280,
        "bw_bytes" : 327753349,
        "bw" : 320071,
        "iops" : 2500.559614,
        "runtime" : 98282,
        "total_ios" : 245760,
        "short_ios" : 0,
        "drop_ios" : 0,
        "slat_ns" : {
          "min" : 234472,
          "max" : 687451,
          "mean" : 391479.681535,
          "stddev" : 39655.621165,
          "N" : 245760
        },
        "clat_ns" : {
          "min" : 4740,
          "max" : 94838477,
          "mean" : 50763594.082793,
          "stddev" : 2956475.514174,
          "N" : 245760,
          "percentile" : {
            "1.000000" : 45875200,
            "5.000000" : 46399488,
            "10.000000" : 46923776,
            "20.000000" : 47972352,
            "30.000000" : 49020928,
            "40.000000" : 49545216,
            "50.000000" : 50593792,
            "60.000000" : 51642368,
            "70.000000" : 52690944,
            "80.000000" : 53739520,
            "90.000000" : 54788096,
            "95.000000" : 55312384,
            "99.000000" : 56360960,
            "99.500000" : 56360960,
            "99.900000" : 56360960,
            "99.950000" : 56360960,
            "99.990000" : 87556096
          }
        },
        "lat_ns" : {
          "min" : 359655,
          "max" : 95527697,
          "mean" : 51155994.797782,
          "stddev" : 2970557.579069,
          "N" : 245760
        },
        "bw_min" : 256512,
        "bw_max" : 340480,
        "bw_agg" : 99.980433,
        "bw_mean" : 320009.142857,
        "bw_dev" : 10676.131842,
        "bw_samples" : 196,
        "iops_min" : 2004,
        "iops_max" : 2660,
        "iops_mean" : 2500.071429,
        "iops_stddev" : 83.407280,
        "iops_samples" : 196
      },
      "write" : {
        "io_bytes" : 0,
        "io_kbytes" : 0,
        "bw_bytes" : 0,
        "bw" : 0,
        "iops" : 0.000000,
        "runtime" : 0,
        "total_ios" : 0,
        "short_ios" : 0,
        "drop_ios" : 0,
        "slat_ns" : {
          "min" : 0,
          "max" : 0,
          "mean" : 0.000000,
          "stddev" : 0.000000,
          "N" : 0
        },
        "clat_ns" : {
          "min" : 0,
          "max" : 0,
          "mean" : 0.000000,
          "stddev" : 0.000000,
          "N" : 0
        },
        "lat_ns" : {
          "min" : 0,
          "max" : 0,
          "mean" : 0.000000,
          "stddev" : 0.000000,
          "N" : 0
        },
        "bw_min" : 0,
        "bw_max" : 0,
        "bw_agg" : 0.000000,
        "bw_mean" : 0.000000,
        "bw_dev" : 0.000000,
        "bw_samples" : 0,
        "iops_min" : 0,
        "iops_max" : 0,
        "iops_mean" : 0.000000,
        "iops_stddev" : 0.000000,
        "iops_samples" : 0
      },
      "trim" : {
        "io_bytes" : 0,
        "io_kbytes" : 0,
        "bw_bytes" : 0,
        "bw" : 0,
        "iops" : 0.000000,
        "runtime" : 0,
        "total_ios" : 0,
        "short_ios" : 0,
        "drop_ios" : 0,
        "slat_ns" : {
          "min" : 0,
          "max" : 0,
          "mean" : 0.000000,
          "stddev" : 0.000000,
          "N" : 0
        },
        "clat_ns" : {
          "min" : 0,
          "max" : 0,
          "mean" : 0.000000,
          "stddev" : 0.000000,
          "N" : 0
        },
        "lat_ns" : {
          "min" : 0,
          "max" : 0,
          "mean" : 0.000000,
          "stddev" : 0.000000,
          "N" : 0
        },
        "bw_min" : 0,
        "bw_max" : 0,
        "bw_agg" : 0.000000,
        "bw_mean" : 0.000000,
        "bw_dev" : 0.000000,
        "bw_samples" : 0,
        "iops_min" : 0,
        "iops_max" : 0,
        "iops_mean" : 0.000000,
        "iops_stddev" : 0.000000,
        "iops_samples" : 0
      },
      "sync" : {
        "total_ios" : 0,
        "lat_ns" : {
          "min" : 0,
          "max" : 0,
          "mean" : 0.000000,
          "stddev" : 0.000000,
          "N" : 0
        }
      },
      "job_runtime" : 98281,
      "usr_cpu" : 1.362420,
      "sys_cpu" : 34.447146,
      "ctx" : 245992,
      "majf" : 0,
      "minf" : 4109,
      "iodepth_level" : {
        "1" : 0.100000,
        "2" : 0.100000,
        "4" : 0.100000,
        "8" : 0.100000,
        "16" : 0.100000,
        "32" : 0.100000,
        ">=64" : 99.974365
      },
      "iodepth_submit" : {
        "0" : 0.000000,
        "4" : 100.000000,
        "8" : 0.000000,
        "16" : 0.000000,
        "32" : 0.000000,
        "64" : 0.000000,
        ">=64" : 0.000000
      },
      "iodepth_complete" : {
        "0" : 0.000000,
        "4" : 99.999593,
        "8" : 0.000000,
        "16" : 0.000000,
        "32" : 0.000000,
        "64" : 0.000000,
        ">=64" : 0.100000
      },
      "latency_ns" : {
        "2" : 0.000000,
        "4" : 0.000000,
        "10" : 0.000000,
        "20" : 0.000000,
        "50" : 0.000000,
        "100" : 0.000000,
        "250" : 0.000000,
        "500" : 0.000000,
        "750" : 0.000000,
        "1000" : 0.000000
      },
      "latency_us" : {
        "2" : 0.000000,
        "4" : 0.000000,
        "10" : 0.010000,
        "20" : 0.000000,
        "50" : 0.000000,
        "100" : 0.000000,
        "250" : 0.000000,
        "500" : 0.010000,
        "750" : 0.010000,
        "1000" : 0.000000
      },
      "latency_ms" : {
        "2" : 0.010000,
        "4" : 0.010000,
        "10" : 0.010000,
        "20" : 0.010579,
        "50" : 42.775472,
        "100" : 57.202555,
        "250" : 0.000000,
        "500" : 0.000000,
        "750" : 0.000000,
        "1000" : 0.000000,
        "2000" : 0.000000,
        ">=2000" : 0.000000
      },
      "latency_depth" : 128,
      "latency_target" : 0,
      "latency_percentile" : 100.000000,
      "latency_window" : 0
    }
  ]
}
