{
  "fio version" : "fio-3.28",
  "timestamp" : 1690548466,
  "timestamp_ms" : 1690548466767,
  "time" : "Fri Jul 28 12:47:46 2023",
  "global options" : {
    "bs" : "4k",
    "ioengine" : "libaio",
    "rw" : "randread",
    "size" : "30G",
    "name" : "test",
    "numjobs" : "32",
    "group_reporting" : "1",
    "iodepth" : "128",
    "fallocate" : "native",
    "runtime" : "120",
    "directory" : "/home/sevag/tmpfs",
    "nrfiles" : "8196"
  },
  "jobs" : [
    {
      "jobname" : "jobs1",
      "groupid" : 0,
      "error" : 0,
      "eta" : 0,
      "elapsed" : 17,
      "job options" : {
        "filename_format" : "f$filenum"
      },
      "read" : {
        "io_bytes" : 32194416640,
        "io_kbytes" : 31439860,
        "bw_bytes" : 2016562269,
        "bw" : 1969299,
        "iops" : 492324.772941,
        "runtime" : 15965,
        "total_ios" : 7859965,
        "short_ios" : 0,
        "drop_ios" : 0,
        "slat_ns" : {
          "min" : 952,
          "max" : 27452,
          "mean" : 1547.110595,
          "stddev" : 494.640312,
          "N" : 7859965
        },
        "clat_ns" : {
          "min" : 237228,
          "max" : 4498461,
          "mean" : 258159.229165,
          "stddev" : 45471.718834,
          "N" : 7859965,
          "percentile" : {
            "1.000000" : 242688,
            "5.000000" : 244736,
            "10.000000" : 244736,
            "20.000000" : 246784,
            "30.000000" : 246784,
            "40.000000" : 246784,
            "50.000000" : 248832,
            "60.000000" : 248832,
            "70.000000" : 250880,
            "80.000000" : 250880,
            "90.000000" : 254976,
            "95.000000" : 387072,
            "99.000000" : 403456,
            "99.500000" : 407552,
            "99.900000" : 765952,
            "99.950000" : 847872,
            "99.990000" : 1253376
          }
        },
        "lat_ns" : {
          "min" : 238972,
          "max" : 4501319,
          "mean" : 259742.384251,
          "stddev" : 45668.188796,
          "N" : 7859965
        },
        "bw_min" : 1218203,
        "bw_max" : 2054120,
        "bw_agg" : 99.966989,
        "bw_mean" : 1968649.032258,
        "bw_dev" : 238290.466790,
        "bw_samples" : 31,
        "iops_min" : 304552,
        "iops_max" : 513530,
        "iops_mean" : 492162.161290,
        "iops_stddev" : 59572.463700,
        "iops_samples" : 31
      },
      "write" : {
        "io_bytes" : 0,
        "io_kbytes" : 0,
        "bw_bytes" : 0,
        "bw" : 0,
        "iops" : 0.000000,
        "runtime" : 0,
        "total_ios" : 0,
        "short_ios" : 0,
        "drop_ios" : 0,
        "slat_ns" : {
          "min" : 0,
          "max" : 0,
          "mean" : 0.000000,
          "stddev" : 0.000000,
          "N" : 0
        },
        "clat_ns" : {
          "min" : 0,
          "max" : 0,
          "mean" : 0.000000,
          "stddev" : 0.000000,
          "N" : 0
        },
        "lat_ns" : {
          "min" : 0,
          "max" : 0,
          "mean" : 0.000000,
          "stddev" : 0.000000,
          "N" : 0
        },
        "bw_min" : 0,
        "bw_max" : 0,
        "bw_agg" : 0.000000,
        "bw_mean" : 0.000000,
        "bw_dev" : 0.000000,
        "bw_samples" : 0,
        "iops_min" : 0,
        "iops_max" : 0,
        "iops_mean" : 0.000000,
        "iops_stddev" : 0.000000,
        "iops_samples" : 0
      },
      "trim" : {
        "io_bytes" : 0,
        "io_kbytes" : 0,
        "bw_bytes" : 0,
        "bw" : 0,
        "iops" : 0.000000,
        "runtime" : 0,
        "total_ios" : 0,
        "short_ios" : 0,
        "drop_ios" : 0,
        "slat_ns" : {
          "min" : 0,
          "max" : 0,
          "mean" : 0.000000,
          "stddev" : 0.000000,
          "N" : 0
        },
        "clat_ns" : {
          "min" : 0,
          "max" : 0,
          "mean" : 0.000000,
          "stddev" : 0.000000,
          "N" : 0
        },
        "lat_ns" : {
          "min" : 0,
          "max" : 0,
          "mean" : 0.000000,
          "stddev" : 0.000000,
          "N" : 0
        },
        "bw_min" : 0,
        "bw_max" : 0,
        "bw_agg" : 0.000000,
        "bw_mean" : 0.000000,
        "bw_dev" : 0.000000,
        "bw_samples" : 0,
        "iops_min" : 0,
        "iops_max" : 0,
        "iops_mean" : 0.000000,
        "iops_stddev" : 0.000000,
        "iops_samples" : 0
      },
      "sync" : {
        "total_ios" : 0,
        "lat_ns" : {
          "min" : 0,
          "max" : 0,
          "mean" : 0.000000,
          "stddev" : 0.000000,
          "N" : 0
        }
      },
      "job_runtime" : 15964,
      "usr_cpu" : 21.379354,
      "sys_cpu" : 78.626911,
      "ctx" : 28,
      "majf" : 0,
      "minf" : 200,
      "iodepth_level" : {
        "1" : 0.100000,
        "2" : 0.100000,
        "4" : 0.100000,
        "8" : 0.100000,
        "16" : 0.100000,
        "32" : 0.100000,
        ">=64" : 99.999198
      },
      "iodepth_submit" : {
        "0" : 0.000000,
        "4" : 100.000000,
        "8" : 0.000000,
        "16" : 0.000000,
        "32" : 0.000000,
        "64" : 0.000000,
        ">=64" : 0.000000
      },
      "iodepth_complete" : {
        "0" : 0.000000,
        "4" : 99.999987,
        "8" : 0.000000,
        "16" : 0.000000,
        "32" : 0.000000,
        "64" : 0.000000,
        ">=64" : 0.100000
      },
      "latency_ns" : {
        "2" : 0.000000,
        "4" : 0.000000,
        "10" : 0.000000,
        "20" : 0.000000,
        "50" : 0.000000,
        "100" : 0.000000,
        "250" : 0.000000,
        "500" : 0.000000,
        "750" : 0.000000,
        "1000" : 0.000000
      },
      "latency_us" : {
        "2" : 0.000000,
        "4" : 0.000000,
        "10" : 0.000000,
        "20" : 0.000000,
        "50" : 0.000000,
        "100" : 0.000000,
        "250" : 70.958777,
        "500" : 28.935561,
        "750" : 0.010000,
        "1000" : 0.082252
      },
      "latency_ms" : {
        "2" : 0.020865,
        "4" : 0.010000,
        "10" : 0.010000,
        "20" : 0.000000,
        "50" : 0.000000,
        "100" : 0.000000,
        "250" : 0.000000,
        "500" : 0.000000,
        "750" : 0.000000,
        "1000" : 0.000000,
        "2000" : 0.000000,
        ">=2000" : 0.000000
      },
      "latency_depth" : 128,
      "latency_target" : 0,
      "latency_percentile" : 100.000000,
      "latency_window" : 0
    }
  ]
}
