{
  "fio version" : "fio-3.28",
  "timestamp" : 1690473590,
  "timestamp_ms" : 1690473590467,
  "time" : "Thu Jul 27 15:59:50 2023",
  "global options" : {
    "bs" : "4k",
    "ioengine" : "libaio",
    "rw" : "read",
    "size" : "30G",
    "name" : "test",
    "numjobs" : "32",
    "group_reporting" : "1",
    "iodepth" : "128",
    "fallocate" : "native",
    "runtime" : "120",
    "directory" : "/tmp/ssfs/home/sevag/fuse_ext4",
    "nrfiles" : "64"
  },
  "jobs" : [
    {
      "jobname" : "jobs1",
      "groupid" : 0,
      "error" : 0,
      "eta" : 0,
      "elapsed" : 19,
      "job options" : {
        "filename_format" : "f$filenum"
      },
      "read" : {
        "io_bytes" : 32212254720,
        "io_kbytes" : 31457280,
        "bw_bytes" : 1781749804,
        "bw" : 1739990,
        "iops" : 434997.510924,
        "runtime" : 18079,
        "total_ios" : 7864320,
        "short_ios" : 0,
        "drop_ios" : 0,
        "slat_ns" : {
          "min" : 681,
          "max" : 291939,
          "mean" : 1846.091327,
          "stddev" : 6899.074835,
          "N" : 7864320
        },
        "clat_ns" : {
          "min" : 1415,
          "max" : 44337932,
          "mean" : 291702.641010,
          "stddev" : 493693.315408,
          "N" : 7864320,
          "percentile" : {
            "1.000000" : 164864,
            "5.000000" : 166912,
            "10.000000" : 166912,
            "20.000000" : 166912,
            "30.000000" : 166912,
            "40.000000" : 168960,
            "50.000000" : 168960,
            "60.000000" : 168960,
            "70.000000" : 171008,
            "80.000000" : 179200,
            "90.000000" : 296960,
            "95.000000" : 692224,
            "99.000000" : 2965504,
            "99.500000" : 2998272,
            "99.900000" : 4685824,
            "99.950000" : 4685824,
            "99.990000" : 4751360
          }
        },
        "lat_ns" : {
          "min" : 3280,
          "max" : 44631523,
          "mean" : 293583.761799,
          "stddev" : 495934.660748,
          "N" : 7864320
        },
        "bw_min" : 1014480,
        "bw_max" : 1876832,
        "bw_agg" : 100.000000,
        "bw_mean" : 1744471.314286,
        "bw_dev" : 285347.999946,
        "bw_samples" : 35,
        "iops_min" : 253620,
        "iops_max" : 469208,
        "iops_mean" : 436117.857143,
        "iops_stddev" : 71337.013428,
        "iops_samples" : 35
      },
      "write" : {
        "io_bytes" : 0,
        "io_kbytes" : 0,
        "bw_bytes" : 0,
        "bw" : 0,
        "iops" : 0.000000,
        "runtime" : 0,
        "total_ios" : 0,
        "short_ios" : 0,
        "drop_ios" : 0,
        "slat_ns" : {
          "min" : 0,
          "max" : 0,
          "mean" : 0.000000,
          "stddev" : 0.000000,
          "N" : 0
        },
        "clat_ns" : {
          "min" : 0,
          "max" : 0,
          "mean" : 0.000000,
          "stddev" : 0.000000,
          "N" : 0
        },
        "lat_ns" : {
          "min" : 0,
          "max" : 0,
          "mean" : 0.000000,
          "stddev" : 0.000000,
          "N" : 0
        },
        "bw_min" : 0,
        "bw_max" : 0,
        "bw_agg" : 0.000000,
        "bw_mean" : 0.000000,
        "bw_dev" : 0.000000,
        "bw_samples" : 0,
        "iops_min" : 0,
        "iops_max" : 0,
        "iops_mean" : 0.000000,
        "iops_stddev" : 0.000000,
        "iops_samples" : 0
      },
      "trim" : {
        "io_bytes" : 0,
        "io_kbytes" : 0,
        "bw_bytes" : 0,
        "bw" : 0,
        "iops" : 0.000000,
        "runtime" : 0,
        "total_ios" : 0,
        "short_ios" : 0,
        "drop_ios" : 0,
        "slat_ns" : {
          "min" : 0,
          "max" : 0,
          "mean" : 0.000000,
          "stddev" : 0.000000,
          "N" : 0
        },
        "clat_ns" : {
          "min" : 0,
          "max" : 0,
          "mean" : 0.000000,
          "stddev" : 0.000000,
          "N" : 0
        },
        "lat_ns" : {
          "min" : 0,
          "max" : 0,
          "mean" : 0.000000,
          "stddev" : 0.000000,
          "N" : 0
        },
        "bw_min" : 0,
        "bw_max" : 0,
        "bw_agg" : 0.000000,
        "bw_mean" : 0.000000,
        "bw_dev" : 0.000000,
        "bw_samples" : 0,
        "iops_min" : 0,
        "iops_max" : 0,
        "iops_mean" : 0.000000,
        "iops_stddev" : 0.000000,
        "iops_samples" : 0
      },
      "sync" : {
        "total_ios" : 0,
        "lat_ns" : {
          "min" : 0,
          "max" : 0,
          "mean" : 0.000000,
          "stddev" : 0.000000,
          "N" : 0
        }
      },
      "job_runtime" : 18078,
      "usr_cpu" : 17.855958,
      "sys_cpu" : 81.911716,
      "ctx" : 212,
      "majf" : 0,
      "minf" : 189,
      "iodepth_level" : {
        "1" : 0.100000,
        "2" : 0.100000,
        "4" : 0.100000,
        "8" : 0.100000,
        "16" : 0.100000,
        "32" : 0.100000,
        ">=64" : 99.999199
      },
      "iodepth_submit" : {
        "0" : 0.000000,
        "4" : 100.000000,
        "8" : 0.000000,
        "16" : 0.000000,
        "32" : 0.000000,
        "64" : 0.000000,
        ">=64" : 0.000000
      },
      "iodepth_complete" : {
        "0" : 0.000000,
        "4" : 99.999987,
        "8" : 0.000000,
        "16" : 0.000000,
        "32" : 0.000000,
        "64" : 0.000000,
        ">=64" : 0.100000
      },
      "latency_ns" : {
        "2" : 0.000000,
        "4" : 0.000000,
        "10" : 0.000000,
        "20" : 0.000000,
        "50" : 0.000000,
        "100" : 0.000000,
        "250" : 0.000000,
        "500" : 0.000000,
        "750" : 0.000000,
        "1000" : 0.000000
      },
      "latency_us" : {
        "2" : 0.010000,
        "4" : 0.010000,
        "10" : 0.010000,
        "20" : 0.010000,
        "50" : 0.010000,
        "100" : 0.010000,
        "250" : 82.545611,
        "500" : 10.008965,
        "750" : 3.170115,
        "1000" : 0.259018
      },
      "latency_ms" : {
        "2" : 1.241646,
        "4" : 2.564913,
        "10" : 0.208321,
        "20" : 0.000000,
        "50" : 0.010000,
        "100" : 0.000000,
        "250" : 0.000000,
        "500" : 0.000000,
        "750" : 0.000000,
        "1000" : 0.000000,
        "2000" : 0.000000,
        ">=2000" : 0.000000
      },
      "latency_depth" : 128,
      "latency_target" : 0,
      "latency_percentile" : 100.000000,
      "latency_window" : 0
    }
  ]
}
