{
  "fio version" : "fio-3.28",
  "timestamp" : 1690497985,
  "timestamp_ms" : 1690497985959,
  "time" : "Thu Jul 27 22:46:25 2023",
  "global options" : {
    "bs" : "512k",
    "ioengine" : "libaio",
    "rw" : "read",
    "size" : "1G",
    "name" : "test",
    "numjobs" : "16",
    "group_reporting" : "1",
    "iodepth" : "128",
    "fallocate" : "native",
    "runtime" : "120",
    "directory" : "/tmp/ssfs/home/sevag/fuse_ext4",
    "nrfiles" : "128"
  },
  "jobs" : [
    {
      "jobname" : "jobs1",
      "groupid" : 0,
      "error" : 0,
      "eta" : 2147483647,
      "elapsed" : 2,
      "job options" : {
        "filename_format" : "f$filenum"
      },
      "read" : {
        "io_bytes" : 1073741824,
        "io_kbytes" : 1048576,
        "bw_bytes" : 876523937,
        "bw" : 855980,
        "iops" : 1671.836735,
        "runtime" : 1225,
        "total_ios" : 2048,
        "short_ios" : 0,
        "drop_ios" : 0,
        "slat_ns" : {
          "min" : 372087,
          "max" : 2315169,
          "mean" : 556683.457031,
          "stddev" : 239973.415482,
          "N" : 2048
        },
        "clat_ns" : {
          "min" : 12786,
          "max" : 255414104,
          "mean" : 68321906.976562,
          "stddev" : 30311734.022106,
          "N" : 2048,
          "percentile" : {
            "1.000000" : 12779520,
            "5.000000" : 57409536,
            "10.000000" : 61079552,
            "20.000000" : 61603840,
            "30.000000" : 62128128,
            "40.000000" : 62652416,
            "50.000000" : 63176704,
            "60.000000" : 64225280,
            "70.000000" : 64749568,
            "80.000000" : 65798144,
            "90.000000" : 66846720,
            "95.000000" : 111673344,
            "99.000000" : 233832448,
            "99.500000" : 244318208,
            "99.900000" : 252706816,
            "99.950000" : 254803968,
            "99.990000" : 254803968
          }
        },
        "lat_ns" : {
          "min" : 723468,
          "max" : 257731224,
          "mean" : 68879535.308105,
          "stddev" : 30500885.313037,
          "N" : 2048
        },
        "bw_min" : 663141,
        "bw_max" : 1003520,
        "bw_agg" : 97.353864,
        "bw_mean" : 833330.500000,
        "bw_dev" : 240684.299073,
        "bw_samples" : 2,
        "iops_min" : 1295,
        "iops_max" : 1960,
        "iops_mean" : 1627.500000,
        "iops_stddev" : 470.226009,
        "iops_samples" : 2
      },
      "write" : {
        "io_bytes" : 0,
        "io_kbytes" : 0,
        "bw_bytes" : 0,
        "bw" : 0,
        "iops" : 0.000000,
        "runtime" : 0,
        "total_ios" : 0,
        "short_ios" : 0,
        "drop_ios" : 0,
        "slat_ns" : {
          "min" : 0,
          "max" : 0,
          "mean" : 0.000000,
          "stddev" : 0.000000,
          "N" : 0
        },
        "clat_ns" : {
          "min" : 0,
          "max" : 0,
          "mean" : 0.000000,
          "stddev" : 0.000000,
          "N" : 0
        },
        "lat_ns" : {
          "min" : 0,
          "max" : 0,
          "mean" : 0.000000,
          "stddev" : 0.000000,
          "N" : 0
        },
        "bw_min" : 0,
        "bw_max" : 0,
        "bw_agg" : 0.000000,
        "bw_mean" : 0.000000,
        "bw_dev" : 0.000000,
        "bw_samples" : 0,
        "iops_min" : 0,
        "iops_max" : 0,
        "iops_mean" : 0.000000,
        "iops_stddev" : 0.000000,
        "iops_samples" : 0
      },
      "trim" : {
        "io_bytes" : 0,
        "io_kbytes" : 0,
        "bw_bytes" : 0,
        "bw" : 0,
        "iops" : 0.000000,
        "runtime" : 0,
        "total_ios" : 0,
        "short_ios" : 0,
        "drop_ios" : 0,
        "slat_ns" : {
          "min" : 0,
          "max" : 0,
          "mean" : 0.000000,
          "stddev" : 0.000000,
          "N" : 0
        },
        "clat_ns" : {
          "min" : 0,
          "max" : 0,
          "mean" : 0.000000,
          "stddev" : 0.000000,
          "N" : 0
        },
        "lat_ns" : {
          "min" : 0,
          "max" : 0,
          "mean" : 0.000000,
          "stddev" : 0.000000,
          "N" : 0
        },
        "bw_min" : 0,
        "bw_max" : 0,
        "bw_agg" : 0.000000,
        "bw_mean" : 0.000000,
        "bw_dev" : 0.000000,
        "bw_samples" : 0,
        "iops_min" : 0,
        "iops_max" : 0,
        "iops_mean" : 0.000000,
        "iops_stddev" : 0.000000,
        "iops_samples" : 0
      },
      "sync" : {
        "total_ios" : 0,
        "lat_ns" : {
          "min" : 0,
          "max" : 0,
          "mean" : 0.000000,
          "stddev" : 0.000000,
          "N" : 0
        }
      },
      "job_runtime" : 1224,
      "usr_cpu" : 2.450980,
      "sys_cpu" : 58.823529,
      "ctx" : 2316,
      "majf" : 0,
      "minf" : 16428,
      "iodepth_level" : {
        "1" : 0.100000,
        "2" : 0.100000,
        "4" : 0.195312,
        "8" : 0.390625,
        "16" : 0.781250,
        "32" : 1.562500,
        ">=64" : 96.923828
      },
      "iodepth_submit" : {
        "0" : 0.000000,
        "4" : 100.000000,
        "8" : 0.000000,
        "16" : 0.000000,
        "32" : 0.000000,
        "64" : 0.000000,
        ">=64" : 0.000000
      },
      "iodepth_complete" : {
        "0" : 0.000000,
        "4" : 99.947971,
        "8" : 0.000000,
        "16" : 0.000000,
        "32" : 0.000000,
        "64" : 0.000000,
        ">=64" : 0.100000
      },
      "latency_ns" : {
        "2" : 0.000000,
        "4" : 0.000000,
        "10" : 0.000000,
        "20" : 0.000000,
        "50" : 0.000000,
        "100" : 0.000000,
        "250" : 0.000000,
        "500" : 0.000000,
        "750" : 0.000000,
        "1000" : 0.000000
      },
      "latency_us" : {
        "2" : 0.000000,
        "4" : 0.000000,
        "10" : 0.000000,
        "20" : 0.048828,
        "50" : 0.000000,
        "100" : 0.000000,
        "250" : 0.000000,
        "500" : 0.000000,
        "750" : 0.048828,
        "1000" : 0.000000
      },
      "latency_ms" : {
        "2" : 0.048828,
        "4" : 0.195312,
        "10" : 0.439453,
        "20" : 0.781250,
        "50" : 2.734375,
        "100" : 90.234375,
        "250" : 5.175781,
        "500" : 0.292969,
        "750" : 0.000000,
        "1000" : 0.000000,
        "2000" : 0.000000,
        ">=2000" : 0.000000
      },
      "latency_depth" : 128,
      "latency_target" : 0,
      "latency_percentile" : 100.000000,
      "latency_window" : 0
    }
  ]
}
