{
  "fio version" : "fio-3.28",
  "timestamp" : 1690504462,
  "timestamp_ms" : 1690504462785,
  "time" : "Fri Jul 28 00:34:22 2023",
  "global options" : {
    "bs" : "128k",
    "ioengine" : "libaio",
    "rw" : "write",
    "size" : "10G",
    "name" : "test",
    "numjobs" : "16",
    "group_reporting" : "1",
    "iodepth" : "128",
    "fallocate" : "native",
    "runtime" : "120",
    "directory" : "/tmp/ssfs/home/sevag/fuse_ext4",
    "nrfiles" : "1024"
  },
  "jobs" : [
    {
      "jobname" : "jobs1",
      "groupid" : 0,
      "error" : 24,
      "eta" : 2147483647,
      "elapsed" : 2,
      "job options" : {
        "filename_format" : "f$filenum"
      },
      "read" : {
        "io_bytes" : 0,
        "io_kbytes" : 0,
        "bw_bytes" : 0,
        "bw" : 0,
        "iops" : 0.000000,
        "runtime" : 0,
        "total_ios" : 0,
        "short_ios" : 0,
        "drop_ios" : 0,
        "slat_ns" : {
          "min" : 0,
          "max" : 0,
          "mean" : 0.000000,
          "stddev" : 0.000000,
          "N" : 0
        },
        "clat_ns" : {
          "min" : 0,
          "max" : 0,
          "mean" : 0.000000,
          "stddev" : 0.000000,
          "N" : 0
        },
        "lat_ns" : {
          "min" : 0,
          "max" : 0,
          "mean" : 0.000000,
          "stddev" : 0.000000,
          "N" : 0
        },
        "bw_min" : 0,
        "bw_max" : 0,
        "bw_agg" : 0.000000,
        "bw_mean" : 0.000000,
        "bw_dev" : 0.000000,
        "bw_samples" : 0,
        "iops_min" : 0,
        "iops_max" : 0,
        "iops_mean" : 0.000000,
        "iops_stddev" : 0.000000,
        "iops_samples" : 0
      },
      "write" : {
        "io_bytes" : 133038080,
        "io_kbytes" : 129920,
        "bw_bytes" : 171883824,
        "bw" : 167855,
        "iops" : 1311.369509,
        "runtime" : 774,
        "total_ios" : 1015,
        "short_ios" : 0,
        "drop_ios" : 0,
        "slat_ns" : {
          "min" : 111236,
          "max" : 159643544,
          "mean" : 495309.165517,
          "stddev" : 7002758.253824,
          "N" : 1015
        },
        "clat_ns" : {
          "min" : 85083,
          "max" : 311662564,
          "mean" : 46372867.479803,
          "stddev" : 14249101.393387,
          "N" : 1015,
          "percentile" : {
            "1.000000" : 7700480,
            "5.000000" : 29753344,
            "10.000000" : 38535168,
            "20.000000" : 40108032,
            "30.000000" : 40632320,
            "40.000000" : 41156608,
            "50.000000" : 43253760,
            "60.000000" : 50069504,
            "70.000000" : 51642368,
            "80.000000" : 54788096,
            "90.000000" : 57409536,
            "95.000000" : 70778880,
            "99.000000" : 71827456,
            "99.500000" : 71827456,
            "99.900000" : 152043520,
            "99.950000" : 312475648,
            "99.990000" : 312475648
          }
        },
        "lat_ns" : {
          "min" : 367006,
          "max" : 446499100,
          "mean" : 46868662.393104,
          "stddev" : 18970252.819567,
          "N" : 1015
        },
        "bw_min" : 141168,
        "bw_max" : 141168,
        "bw_agg" : 84.101010,
        "bw_mean" : 141168.000000,
        "bw_dev" : 0.000000,
        "bw_samples" : 1,
        "iops_min" : 1102,
        "iops_max" : 1102,
        "iops_mean" : 1102.000000,
        "iops_stddev" : 0.000000,
        "iops_samples" : 1
      },
      "trim" : {
        "io_bytes" : 0,
        "io_kbytes" : 0,
        "bw_bytes" : 0,
        "bw" : 0,
        "iops" : 0.000000,
        "runtime" : 0,
        "total_ios" : 0,
        "short_ios" : 0,
        "drop_ios" : 0,
        "slat_ns" : {
          "min" : 0,
          "max" : 0,
          "mean" : 0.000000,
          "stddev" : 0.000000,
          "N" : 0
        },
        "clat_ns" : {
          "min" : 0,
          "max" : 0,
          "mean" : 0.000000,
          "stddev" : 0.000000,
          "N" : 0
        },
        "lat_ns" : {
          "min" : 0,
          "max" : 0,
          "mean" : 0.000000,
          "stddev" : 0.000000,
          "N" : 0
        },
        "bw_min" : 0,
        "bw_max" : 0,
        "bw_agg" : 0.000000,
        "bw_mean" : 0.000000,
        "bw_dev" : 0.000000,
        "bw_samples" : 0,
        "iops_min" : 0,
        "iops_max" : 0,
        "iops_mean" : 0.000000,
        "iops_stddev" : 0.000000,
        "iops_samples" : 0
      },
      "sync" : {
        "total_ios" : 0,
        "lat_ns" : {
          "min" : 0,
          "max" : 0,
          "mean" : 0.000000,
          "stddev" : 0.000000,
          "N" : 0
        }
      },
      "job_runtime" : 773,
      "usr_cpu" : 2.587322,
      "sys_cpu" : 18.758085,
      "ctx" : 1153,
      "majf" : 0,
      "minf" : 54,
      "iodepth_level" : {
        "1" : 0.100000,
        "2" : 0.197044,
        "4" : 0.394089,
        "8" : 0.788177,
        "16" : 1.576355,
        "32" : 3.152709,
        ">=64" : 93.793103
      },
      "iodepth_submit" : {
        "0" : 0.000000,
        "4" : 100.000000,
        "8" : 0.000000,
        "16" : 0.000000,
        "32" : 0.000000,
        "64" : 0.000000,
        ">=64" : 0.000000
      },
      "iodepth_complete" : {
        "0" : 0.000000,
        "4" : 99.887514,
        "8" : 0.000000,
        "16" : 0.000000,
        "32" : 0.000000,
        "64" : 0.000000,
        ">=64" : 0.112486
      },
      "latency_ns" : {
        "2" : 0.000000,
        "4" : 0.000000,
        "10" : 0.000000,
        "20" : 0.000000,
        "50" : 0.000000,
        "100" : 0.000000,
        "250" : 0.000000,
        "500" : 0.000000,
        "750" : 0.000000,
        "1000" : 0.000000
      },
      "latency_us" : {
        "2" : 0.000000,
        "4" : 0.000000,
        "10" : 0.000000,
        "20" : 0.000000,
        "50" : 0.000000,
        "100" : 0.098522,
        "250" : 0.000000,
        "500" : 0.000000,
        "750" : 0.000000,
        "1000" : 0.000000
      },
      "latency_ms" : {
        "2" : 0.000000,
        "4" : 0.197044,
        "10" : 1.083744,
        "20" : 1.871921,
        "50" : 55.467980,
        "100" : 41.083744,
        "250" : 0.098522,
        "500" : 0.098522,
        "750" : 0.000000,
        "1000" : 0.000000,
        "2000" : 0.000000,
        ">=2000" : 0.000000
      },
      "latency_depth" : 128,
      "latency_target" : 0,
      "latency_percentile" : 100.000000,
      "latency_window" : 0
    }
  ]
}
