{
  "fio version" : "fio-3.28",
  "timestamp" : 1690500076,
  "timestamp_ms" : 1690500076353,
  "time" : "Thu Jul 27 23:21:16 2023",
  "global options" : {
    "bs" : "4k",
    "ioengine" : "libaio",
    "rw" : "randwrite",
    "size" : "30G",
    "name" : "test",
    "numjobs" : "1",
    "group_reporting" : "1",
    "iodepth" : "128",
    "fallocate" : "native",
    "runtime" : "120",
    "directory" : "/home/sevag/fuse_boc",
    "nrfiles" : "1024"
  },
  "jobs" : [
    {
      "jobname" : "jobs1",
      "groupid" : 0,
      "error" : 24,
      "eta" : 2147483647,
      "elapsed" : 1,
      "job options" : {
        "filename_format" : "f$filenum"
      },
      "read" : {
        "io_bytes" : 0,
        "io_kbytes" : 0,
        "bw_bytes" : 0,
        "bw" : 0,
        "iops" : 0.000000,
        "runtime" : 0,
        "total_ios" : 0,
        "short_ios" : 0,
        "drop_ios" : 0,
        "slat_ns" : {
          "min" : 0,
          "max" : 0,
          "mean" : 0.000000,
          "stddev" : 0.000000,
          "N" : 0
        },
        "clat_ns" : {
          "min" : 0,
          "max" : 0,
          "mean" : 0.000000,
          "stddev" : 0.000000,
          "N" : 0
        },
        "lat_ns" : {
          "min" : 0,
          "max" : 0,
          "mean" : 0.000000,
          "stddev" : 0.000000,
          "N" : 0
        },
        "bw_min" : 0,
        "bw_max" : 0,
        "bw_agg" : 0.000000,
        "bw_mean" : 0.000000,
        "bw_dev" : 0.000000,
        "bw_samples" : 0,
        "iops_min" : 0,
        "iops_max" : 0,
        "iops_mean" : 0.000000,
        "iops_stddev" : 0.000000,
        "iops_samples" : 0
      },
      "write" : {
        "io_bytes" : 4169728,
        "io_kbytes" : 4072,
        "bw_bytes" : 22785398,
        "bw" : 22251,
        "iops" : 5562.841530,
        "runtime" : 183,
        "total_ios" : 1018,
        "short_ios" : 0,
        "drop_ios" : 0,
        "slat_ns" : {
          "min" : 6572,
          "max" : 128833786,
          "mean" : 135867.421415,
          "stddev" : 4037612.718082,
          "N" : 1018
        },
        "clat_ns" : {
          "min" : 63181,
          "max" : 141051617,
          "mean" : 9495214.607073,
          "stddev" : 22659464.847316,
          "N" : 1018,
          "percentile" : {
            "1.000000" : 569344,
            "5.000000" : 2244608,
            "10.000000" : 4882432,
            "20.000000" : 5734400,
            "30.000000" : 5799936,
            "40.000000" : 5865472,
            "50.000000" : 5865472,
            "60.000000" : 5931008,
            "70.000000" : 6062080,
            "80.000000" : 6062080,
            "90.000000" : 6062080,
            "95.000000" : 6127616,
            "99.000000" : 139460608,
            "99.500000" : 139460608,
            "99.900000" : 141557760,
            "99.950000" : 141557760,
            "99.990000" : 141557760
          }
        },
        "lat_ns" : {
          "min" : 70757,
          "max" : 141102933,
          "mean" : 9631356.117878,
          "stddev" : 23014723.578167,
          "N" : 1018
        },
        "bw_min" : 0,
        "bw_max" : 0,
        "bw_agg" : 0.000000,
        "bw_mean" : 0.000000,
        "bw_dev" : 0.000000,
        "bw_samples" : 0,
        "iops_min" : 0,
        "iops_max" : 0,
        "iops_mean" : 0.000000,
        "iops_stddev" : 0.000000,
        "iops_samples" : 0
      },
      "trim" : {
        "io_bytes" : 0,
        "io_kbytes" : 0,
        "bw_bytes" : 0,
        "bw" : 0,
        "iops" : 0.000000,
        "runtime" : 0,
        "total_ios" : 0,
        "short_ios" : 0,
        "drop_ios" : 0,
        "slat_ns" : {
          "min" : 0,
          "max" : 0,
          "mean" : 0.000000,
          "stddev" : 0.000000,
          "N" : 0
        },
        "clat_ns" : {
          "min" : 0,
          "max" : 0,
          "mean" : 0.000000,
          "stddev" : 0.000000,
          "N" : 0
        },
        "lat_ns" : {
          "min" : 0,
          "max" : 0,
          "mean" : 0.000000,
          "stddev" : 0.000000,
          "N" : 0
        },
        "bw_min" : 0,
        "bw_max" : 0,
        "bw_agg" : 0.000000,
        "bw_mean" : 0.000000,
        "bw_dev" : 0.000000,
        "bw_samples" : 0,
        "iops_min" : 0,
        "iops_max" : 0,
        "iops_mean" : 0.000000,
        "iops_stddev" : 0.000000,
        "iops_samples" : 0
      },
      "sync" : {
        "total_ios" : 0,
        "lat_ns" : {
          "min" : 0,
          "max" : 0,
          "mean" : 0.000000,
          "stddev" : 0.000000,
          "N" : 0
        }
      },
      "job_runtime" : 182,
      "usr_cpu" : 7.142857,
      "sys_cpu" : 11.538462,
      "ctx" : 1044,
      "majf" : 0,
      "minf" : 19,
      "iodepth_level" : {
        "1" : 0.100000,
        "2" : 0.196464,
        "4" : 0.392927,
        "8" : 0.785855,
        "16" : 1.571709,
        "32" : 3.143418,
        ">=64" : 93.811395
      },
      "iodepth_submit" : {
        "0" : 0.000000,
        "4" : 100.000000,
        "8" : 0.000000,
        "16" : 0.000000,
        "32" : 0.000000,
        "64" : 0.000000,
        ">=64" : 0.000000
      },
      "iodepth_complete" : {
        "0" : 0.000000,
        "4" : 99.887892,
        "8" : 0.000000,
        "16" : 0.000000,
        "32" : 0.000000,
        "64" : 0.000000,
        ">=64" : 0.112108
      },
      "latency_ns" : {
        "2" : 0.000000,
        "4" : 0.000000,
        "10" : 0.000000,
        "20" : 0.000000,
        "50" : 0.000000,
        "100" : 0.000000,
        "250" : 0.000000,
        "500" : 0.000000,
        "750" : 0.000000,
        "1000" : 0.000000
      },
      "latency_us" : {
        "2" : 0.000000,
        "4" : 0.000000,
        "10" : 0.000000,
        "20" : 0.000000,
        "50" : 0.000000,
        "100" : 0.098232,
        "250" : 0.098232,
        "500" : 0.687623,
        "750" : 0.589391,
        "1000" : 0.687623
      },
      "latency_ms" : {
        "2" : 2.259332,
        "4" : 3.536346,
        "10" : 89.096267,
        "20" : 0.000000,
        "50" : 0.000000,
        "100" : 0.000000,
        "250" : 2.946955,
        "500" : 0.000000,
        "750" : 0.000000,
        "1000" : 0.000000,
        "2000" : 0.000000,
        ">=2000" : 0.000000
      },
      "latency_depth" : 128,
      "latency_target" : 0,
      "latency_percentile" : 100.000000,
      "latency_window" : 0
    }
  ]
}
