{
  "fio version" : "fio-3.28",
  "timestamp" : 1690546613,
  "timestamp_ms" : 1690546613801,
  "time" : "Fri Jul 28 12:16:53 2023",
  "global options" : {
    "bs" : "4k",
    "ioengine" : "libaio",
    "rw" : "randwrite",
    "size" : "1G",
    "name" : "test",
    "numjobs" : "16",
    "group_reporting" : "1",
    "iodepth" : "128",
    "fallocate" : "native",
    "runtime" : "120",
    "directory" : "/home/sevag/fuse_boc",
    "nrfiles" : "8196"
  },
  "jobs" : [
    {
      "jobname" : "jobs1",
      "groupid" : 0,
      "error" : 0,
      "eta" : 0,
      "elapsed" : 3,
      "job options" : {
        "filename_format" : "f$filenum"
      },
      "read" : {
        "io_bytes" : 0,
        "io_kbytes" : 0,
        "bw_bytes" : 0,
        "bw" : 0,
        "iops" : 0.000000,
        "runtime" : 0,
        "total_ios" : 0,
        "short_ios" : 0,
        "drop_ios" : 0,
        "slat_ns" : {
          "min" : 0,
          "max" : 0,
          "mean" : 0.000000,
          "stddev" : 0.000000,
          "N" : 0
        },
        "clat_ns" : {
          "min" : 0,
          "max" : 0,
          "mean" : 0.000000,
          "stddev" : 0.000000,
          "N" : 0
        },
        "lat_ns" : {
          "min" : 0,
          "max" : 0,
          "mean" : 0.000000,
          "stddev" : 0.000000,
          "N" : 0
        },
        "bw_min" : 0,
        "bw_max" : 0,
        "bw_agg" : 0.000000,
        "bw_mean" : 0.000000,
        "bw_dev" : 0.000000,
        "bw_samples" : 0,
        "iops_min" : 0,
        "iops_max" : 0,
        "iops_mean" : 0.000000,
        "iops_stddev" : 0.000000,
        "iops_samples" : 0
      },
      "write" : {
        "io_bytes" : 1040695296,
        "io_kbytes" : 1016304,
        "bw_bytes" : 560417499,
        "bw" : 547282,
        "iops" : 136820.678514,
        "runtime" : 1857,
        "total_ios" : 254076,
        "short_ios" : 0,
        "drop_ios" : 0,
        "slat_ns" : {
          "min" : 2193,
          "max" : 135843869,
          "mean" : 4647.611313,
          "stddev" : 291190.678850,
          "N" : 254076
        },
        "clat_ns" : {
          "min" : 437954,
          "max" : 262051812,
          "mean" : 871413.046474,
          "stddev" : 6198462.432724,
          "N" : 254076,
          "percentile" : {
            "1.000000" : 444416,
            "5.000000" : 452608,
            "10.000000" : 452608,
            "20.000000" : 456704,
            "30.000000" : 456704,
            "40.000000" : 460800,
            "50.000000" : 460800,
            "60.000000" : 460800,
            "70.000000" : 464896,
            "80.000000" : 473088,
            "90.000000" : 569344,
            "95.000000" : 1105920,
            "99.000000" : 10420224,
            "99.500000" : 11337728,
            "99.900000" : 11862016,
            "99.950000" : 145752064,
            "99.990000" : 261095424
          }
        },
        "lat_ns" : {
          "min" : 440555,
          "max" : 262054484,
          "mean" : 876160.974897,
          "stddev" : 6206095.847620,
          "N" : 254076
        },
        "bw_min" : 371161,
        "bw_max" : 826760,
        "bw_agg" : 100.000000,
        "bw_mean" : 642269.666667,
        "bw_dev" : 239832.574836,
        "bw_samples" : 3,
        "iops_min" : 92790,
        "iops_max" : 206690,
        "iops_mean" : 160567.333333,
        "iops_stddev" : 59958.285010,
        "iops_samples" : 3
      },
      "trim" : {
        "io_bytes" : 0,
        "io_kbytes" : 0,
        "bw_bytes" : 0,
        "bw" : 0,
        "iops" : 0.000000,
        "runtime" : 0,
        "total_ios" : 0,
        "short_ios" : 0,
        "drop_ios" : 0,
        "slat_ns" : {
          "min" : 0,
          "max" : 0,
          "mean" : 0.000000,
          "stddev" : 0.000000,
          "N" : 0
        },
        "clat_ns" : {
          "min" : 0,
          "max" : 0,
          "mean" : 0.000000,
          "stddev" : 0.000000,
          "N" : 0
        },
        "lat_ns" : {
          "min" : 0,
          "max" : 0,
          "mean" : 0.000000,
          "stddev" : 0.000000,
          "N" : 0
        },
        "bw_min" : 0,
        "bw_max" : 0,
        "bw_agg" : 0.000000,
        "bw_mean" : 0.000000,
        "bw_dev" : 0.000000,
        "bw_samples" : 0,
        "iops_min" : 0,
        "iops_max" : 0,
        "iops_mean" : 0.000000,
        "iops_stddev" : 0.000000,
        "iops_samples" : 0
      },
      "sync" : {
        "total_ios" : 0,
        "lat_ns" : {
          "min" : 0,
          "max" : 0,
          "mean" : 0.000000,
          "stddev" : 0.000000,
          "N" : 0
        }
      },
      "job_runtime" : 1856,
      "usr_cpu" : 16.918103,
      "sys_cpu" : 47.737069,
      "ctx" : 16314,
      "majf" : 0,
      "minf" : 38,
      "iodepth_level" : {
        "1" : 0.100000,
        "2" : 0.100000,
        "4" : 0.100000,
        "8" : 0.100000,
        "16" : 0.100000,
        "32" : 0.100000,
        ">=64" : 99.975204
      },
      "iodepth_submit" : {
        "0" : 0.000000,
        "4" : 100.000000,
        "8" : 0.000000,
        "16" : 0.000000,
        "32" : 0.000000,
        "64" : 0.000000,
        ">=64" : 0.000000
      },
      "iodepth_complete" : {
        "0" : 0.000000,
        "4" : 99.999606,
        "8" : 0.000000,
        "16" : 0.000000,
        "32" : 0.000000,
        "64" : 0.000000,
        ">=64" : 0.100000
      },
      "latency_ns" : {
        "2" : 0.000000,
        "4" : 0.000000,
        "10" : 0.000000,
        "20" : 0.000000,
        "50" : 0.000000,
        "100" : 0.000000,
        "250" : 0.000000,
        "500" : 0.000000,
        "750" : 0.000000,
        "1000" : 0.000000
      },
      "latency_us" : {
        "2" : 0.000000,
        "4" : 0.000000,
        "10" : 0.000000,
        "20" : 0.000000,
        "50" : 0.000000,
        "100" : 0.000000,
        "250" : 0.000000,
        "500" : 87.339615,
        "750" : 6.201294,
        "1000" : 0.957194
      },
      "latency_ms" : {
        "2" : 0.760009,
        "4" : 2.479179,
        "10" : 1.050867,
        "20" : 1.149656,
        "50" : 0.000000,
        "100" : 0.000000,
        "250" : 0.012201,
        "500" : 0.049985,
        "750" : 0.000000,
        "1000" : 0.000000,
        "2000" : 0.000000,
        ">=2000" : 0.000000
      },
      "latency_depth" : 128,
      "latency_target" : 0,
      "latency_percentile" : 100.000000,
      "latency_window" : 0
    }
  ]
}
