{
  "fio version" : "fio-3.28",
  "timestamp" : 1690474607,
  "timestamp_ms" : 1690474607006,
  "time" : "Thu Jul 27 16:16:47 2023",
  "global options" : {
    "bs" : "4k",
    "ioengine" : "libaio",
    "rw" : "randread",
    "size" : "10G",
    "name" : "test",
    "numjobs" : "16",
    "group_reporting" : "1",
    "iodepth" : "128",
    "fallocate" : "native",
    "runtime" : "120",
    "directory" : "/home/sevag/tmpfs",
    "nrfiles" : "64"
  },
  "jobs" : [
    {
      "jobname" : "jobs1",
      "groupid" : 0,
      "error" : 0,
      "eta" : 0,
      "elapsed" : 6,
      "job options" : {
        "filename_format" : "f$filenum"
      },
      "read" : {
        "io_bytes" : 10737418240,
        "io_kbytes" : 10485760,
        "bw_bytes" : 1947301095,
        "bw" : 1901661,
        "iops" : 475415.306493,
        "runtime" : 5514,
        "total_ios" : 2621440,
        "short_ios" : 0,
        "drop_ios" : 0,
        "slat_ns" : {
          "min" : 834,
          "max" : 31662,
          "mean" : 1580.362392,
          "stddev" : 622.057243,
          "N" : 2621440
        },
        "clat_ns" : {
          "min" : 1181,
          "max" : 1637478,
          "mean" : 267296.646346,
          "stddev" : 65638.939779,
          "N" : 2621440,
          "percentile" : {
            "1.000000" : 222208,
            "5.000000" : 230400,
            "10.000000" : 232448,
            "20.000000" : 234496,
            "30.000000" : 236544,
            "40.000000" : 236544,
            "50.000000" : 236544,
            "60.000000" : 238592,
            "70.000000" : 238592,
            "80.000000" : 252928,
            "90.000000" : 403456,
            "95.000000" : 407552,
            "99.000000" : 411648,
            "99.500000" : 411648,
            "99.900000" : 585728,
            "99.950000" : 774144,
            "99.990000" : 790528
          }
        },
        "lat_ns" : {
          "min" : 2217,
          "max" : 1666256,
          "mean" : 268915.829889,
          "stddev" : 66047.486198,
          "N" : 2621440
        },
        "bw_min" : 1255864,
        "bw_max" : 2159560,
        "bw_agg" : 98.951379,
        "bw_mean" : 1881720.600000,
        "bw_dev" : 416628.733828,
        "bw_samples" : 10,
        "iops_min" : 313966,
        "iops_max" : 539892,
        "iops_mean" : 470430.300000,
        "iops_stddev" : 104157.353779,
        "iops_samples" : 10
      },
      "write" : {
        "io_bytes" : 0,
        "io_kbytes" : 0,
        "bw_bytes" : 0,
        "bw" : 0,
        "iops" : 0.000000,
        "runtime" : 0,
        "total_ios" : 0,
        "short_ios" : 0,
        "drop_ios" : 0,
        "slat_ns" : {
          "min" : 0,
          "max" : 0,
          "mean" : 0.000000,
          "stddev" : 0.000000,
          "N" : 0
        },
        "clat_ns" : {
          "min" : 0,
          "max" : 0,
          "mean" : 0.000000,
          "stddev" : 0.000000,
          "N" : 0
        },
        "lat_ns" : {
          "min" : 0,
          "max" : 0,
          "mean" : 0.000000,
          "stddev" : 0.000000,
          "N" : 0
        },
        "bw_min" : 0,
        "bw_max" : 0,
        "bw_agg" : 0.000000,
        "bw_mean" : 0.000000,
        "bw_dev" : 0.000000,
        "bw_samples" : 0,
        "iops_min" : 0,
        "iops_max" : 0,
        "iops_mean" : 0.000000,
        "iops_stddev" : 0.000000,
        "iops_samples" : 0
      },
      "trim" : {
        "io_bytes" : 0,
        "io_kbytes" : 0,
        "bw_bytes" : 0,
        "bw" : 0,
        "iops" : 0.000000,
        "runtime" : 0,
        "total_ios" : 0,
        "short_ios" : 0,
        "drop_ios" : 0,
        "slat_ns" : {
          "min" : 0,
          "max" : 0,
          "mean" : 0.000000,
          "stddev" : 0.000000,
          "N" : 0
        },
        "clat_ns" : {
          "min" : 0,
          "max" : 0,
          "mean" : 0.000000,
          "stddev" : 0.000000,
          "N" : 0
        },
        "lat_ns" : {
          "min" : 0,
          "max" : 0,
          "mean" : 0.000000,
          "stddev" : 0.000000,
          "N" : 0
        },
        "bw_min" : 0,
        "bw_max" : 0,
        "bw_agg" : 0.000000,
        "bw_mean" : 0.000000,
        "bw_dev" : 0.000000,
        "bw_samples" : 0,
        "iops_min" : 0,
        "iops_max" : 0,
        "iops_mean" : 0.000000,
        "iops_stddev" : 0.000000,
        "iops_samples" : 0
      },
      "sync" : {
        "total_ios" : 0,
        "lat_ns" : {
          "min" : 0,
          "max" : 0,
          "mean" : 0.000000,
          "stddev" : 0.000000,
          "N" : 0
        }
      },
      "job_runtime" : 5513,
      "usr_cpu" : 22.982042,
      "sys_cpu" : 76.963541,
      "ctx" : 8,
      "majf" : 0,
      "minf" : 163,
      "iodepth_level" : {
        "1" : 0.100000,
        "2" : 0.100000,
        "4" : 0.100000,
        "8" : 0.100000,
        "16" : 0.100000,
        "32" : 0.100000,
        ">=64" : 99.997597
      },
      "iodepth_submit" : {
        "0" : 0.000000,
        "4" : 100.000000,
        "8" : 0.000000,
        "16" : 0.000000,
        "32" : 0.000000,
        "64" : 0.000000,
        ">=64" : 0.000000
      },
      "iodepth_complete" : {
        "0" : 0.000000,
        "4" : 99.999962,
        "8" : 0.000000,
        "16" : 0.000000,
        "32" : 0.000000,
        "64" : 0.000000,
        ">=64" : 0.100000
      },
      "latency_ns" : {
        "2" : 0.000000,
        "4" : 0.000000,
        "10" : 0.000000,
        "20" : 0.000000,
        "50" : 0.000000,
        "100" : 0.000000,
        "250" : 0.000000,
        "500" : 0.000000,
        "750" : 0.000000,
        "1000" : 0.000000
      },
      "latency_us" : {
        "2" : 0.010000,
        "4" : 0.010000,
        "10" : 0.010000,
        "20" : 0.010000,
        "50" : 0.010000,
        "100" : 0.010000,
        "250" : 79.815979,
        "500" : 20.026512,
        "750" : 0.082474,
        "1000" : 0.069885
      },
      "latency_ms" : {
        "2" : 0.010000,
        "4" : 0.000000,
        "10" : 0.000000,
        "20" : 0.000000,
        "50" : 0.000000,
        "100" : 0.000000,
        "250" : 0.000000,
        "500" : 0.000000,
        "750" : 0.000000,
        "1000" : 0.000000,
        "2000" : 0.000000,
        ">=2000" : 0.000000
      },
      "latency_depth" : 128,
      "latency_target" : 0,
      "latency_percentile" : 100.000000,
      "latency_window" : 0
    }
  ]
}
