{
  "fio version" : "fio-3.28",
  "timestamp" : 1690508585,
  "timestamp_ms" : 1690508585467,
  "time" : "Fri Jul 28 01:43:05 2023",
  "global options" : {
    "bs" : "512k",
    "ioengine" : "libaio",
    "rw" : "randread",
    "size" : "30G",
    "name" : "test",
    "numjobs" : "32",
    "group_reporting" : "1",
    "iodepth" : "128",
    "fallocate" : "native",
    "runtime" : "120",
    "directory" : "/home/sevag/fuse_boc",
    "nrfiles" : "1024"
  },
  "jobs" : [
    {
      "jobname" : "jobs1",
      "groupid" : 0,
      "error" : 24,
      "eta" : 2147483647,
      "elapsed" : 2,
      "job options" : {
        "filename_format" : "f$filenum"
      },
      "read" : {
        "io_bytes" : 533725184,
        "io_kbytes" : 521216,
        "bw_bytes" : 393602643,
        "bw" : 384377,
        "iops" : 750.737463,
        "runtime" : 1356,
        "total_ios" : 1018,
        "short_ios" : 0,
        "drop_ios" : 0,
        "slat_ns" : {
          "min" : 728768,
          "max" : 1931719,
          "mean" : 1167666.192534,
          "stddev" : 267713.357967,
          "N" : 1018
        },
        "clat_ns" : {
          "min" : 96096,
          "max" : 180900111,
          "mean" : 158089805.645383,
          "stddev" : 34287334.448192,
          "N" : 1018,
          "percentile" : {
            "1.000000" : 12517376,
            "5.000000" : 61603840,
            "10.000000" : 128450560,
            "20.000000" : 160432128,
            "30.000000" : 164626432,
            "40.000000" : 166723584,
            "50.000000" : 168820736,
            "60.000000" : 170917888,
            "70.000000" : 170917888,
            "80.000000" : 173015040,
            "90.000000" : 175112192,
            "95.000000" : 179306496,
            "99.000000" : 179306496,
            "99.500000" : 181403648,
            "99.900000" : 181403648,
            "99.950000" : 181403648,
            "99.990000" : 181403648
          }
        },
        "lat_ns" : {
          "min" : 975801,
          "max" : 182450638,
          "mean" : 159258960.790766,
          "stddev" : 34323764.403787,
          "N" : 1018
        },
        "bw_min" : 283375,
        "bw_max" : 391168,
        "bw_agg" : 87.744712,
        "bw_mean" : 337271.500000,
        "bw_dev" : 76221.161264,
        "bw_samples" : 2,
        "iops_min" : 553,
        "iops_max" : 764,
        "iops_mean" : 658.500000,
        "iops_stddev" : 149.199531,
        "iops_samples" : 2
      },
      "write" : {
        "io_bytes" : 0,
        "io_kbytes" : 0,
        "bw_bytes" : 0,
        "bw" : 0,
        "iops" : 0.000000,
        "runtime" : 0,
        "total_ios" : 0,
        "short_ios" : 0,
        "drop_ios" : 0,
        "slat_ns" : {
          "min" : 0,
          "max" : 0,
          "mean" : 0.000000,
          "stddev" : 0.000000,
          "N" : 0
        },
        "clat_ns" : {
          "min" : 0,
          "max" : 0,
          "mean" : 0.000000,
          "stddev" : 0.000000,
          "N" : 0
        },
        "lat_ns" : {
          "min" : 0,
          "max" : 0,
          "mean" : 0.000000,
          "stddev" : 0.000000,
          "N" : 0
        },
        "bw_min" : 0,
        "bw_max" : 0,
        "bw_agg" : 0.000000,
        "bw_mean" : 0.000000,
        "bw_dev" : 0.000000,
        "bw_samples" : 0,
        "iops_min" : 0,
        "iops_max" : 0,
        "iops_mean" : 0.000000,
        "iops_stddev" : 0.000000,
        "iops_samples" : 0
      },
      "trim" : {
        "io_bytes" : 0,
        "io_kbytes" : 0,
        "bw_bytes" : 0,
        "bw" : 0,
        "iops" : 0.000000,
        "runtime" : 0,
        "total_ios" : 0,
        "short_ios" : 0,
        "drop_ios" : 0,
        "slat_ns" : {
          "min" : 0,
          "max" : 0,
          "mean" : 0.000000,
          "stddev" : 0.000000,
          "N" : 0
        },
        "clat_ns" : {
          "min" : 0,
          "max" : 0,
          "mean" : 0.000000,
          "stddev" : 0.000000,
          "N" : 0
        },
        "lat_ns" : {
          "min" : 0,
          "max" : 0,
          "mean" : 0.000000,
          "stddev" : 0.000000,
          "N" : 0
        },
        "bw_min" : 0,
        "bw_max" : 0,
        "bw_agg" : 0.000000,
        "bw_mean" : 0.000000,
        "bw_dev" : 0.000000,
        "bw_samples" : 0,
        "iops_min" : 0,
        "iops_max" : 0,
        "iops_mean" : 0.000000,
        "iops_stddev" : 0.000000,
        "iops_samples" : 0
      },
      "sync" : {
        "total_ios" : 0,
        "lat_ns" : {
          "min" : 0,
          "max" : 0,
          "mean" : 0.000000,
          "stddev" : 0.000000,
          "N" : 0
        }
      },
      "job_runtime" : 1356,
      "usr_cpu" : 2.359882,
      "sys_cpu" : 44.764012,
      "ctx" : 5096,
      "majf" : 0,
      "minf" : 16493,
      "iodepth_level" : {
        "1" : 0.100000,
        "2" : 0.196464,
        "4" : 0.392927,
        "8" : 0.785855,
        "16" : 1.571709,
        "32" : 3.143418,
        ">=64" : 93.811395
      },
      "iodepth_submit" : {
        "0" : 0.000000,
        "4" : 100.000000,
        "8" : 0.000000,
        "16" : 0.000000,
        "32" : 0.000000,
        "64" : 0.000000,
        ">=64" : 0.000000
      },
      "iodepth_complete" : {
        "0" : 0.000000,
        "4" : 99.887892,
        "8" : 0.000000,
        "16" : 0.000000,
        "32" : 0.000000,
        "64" : 0.000000,
        ">=64" : 0.112108
      },
      "latency_ns" : {
        "2" : 0.000000,
        "4" : 0.000000,
        "10" : 0.000000,
        "20" : 0.000000,
        "50" : 0.000000,
        "100" : 0.000000,
        "250" : 0.000000,
        "500" : 0.000000,
        "750" : 0.000000,
        "1000" : 0.000000
      },
      "latency_us" : {
        "2" : 0.000000,
        "4" : 0.000000,
        "10" : 0.000000,
        "20" : 0.000000,
        "50" : 0.000000,
        "100" : 0.098232,
        "250" : 0.000000,
        "500" : 0.000000,
        "750" : 0.000000,
        "1000" : 0.000000
      },
      "latency_ms" : {
        "2" : 0.098232,
        "4" : 0.196464,
        "10" : 0.491159,
        "20" : 0.785855,
        "50" : 2.357564,
        "100" : 3.831041,
        "250" : 92.141454,
        "500" : 0.000000,
        "750" : 0.000000,
        "1000" : 0.000000,
        "2000" : 0.000000,
        ">=2000" : 0.000000
      },
      "latency_depth" : 128,
      "latency_target" : 0,
      "latency_percentile" : 100.000000,
      "latency_window" : 0
    }
  ]
}
