{
  "fio version" : "fio-3.28",
  "timestamp" : 1690507056,
  "timestamp_ms" : 1690507056170,
  "time" : "Fri Jul 28 01:17:36 2023",
  "global options" : {
    "bs" : "512k",
    "ioengine" : "libaio",
    "rw" : "randwrite",
    "size" : "10G",
    "name" : "test",
    "numjobs" : "32",
    "group_reporting" : "1",
    "iodepth" : "128",
    "fallocate" : "native",
    "runtime" : "120",
    "directory" : "/home/sevag/fuse_boc",
    "nrfiles" : "1024"
  },
  "jobs" : [
    {
      "jobname" : "jobs1",
      "groupid" : 0,
      "error" : 24,
      "eta" : 2147483647,
      "elapsed" : 2,
      "job options" : {
        "filename_format" : "f$filenum"
      },
      "read" : {
        "io_bytes" : 0,
        "io_kbytes" : 0,
        "bw_bytes" : 0,
        "bw" : 0,
        "iops" : 0.000000,
        "runtime" : 0,
        "total_ios" : 0,
        "short_ios" : 0,
        "drop_ios" : 0,
        "slat_ns" : {
          "min" : 0,
          "max" : 0,
          "mean" : 0.000000,
          "stddev" : 0.000000,
          "N" : 0
        },
        "clat_ns" : {
          "min" : 0,
          "max" : 0,
          "mean" : 0.000000,
          "stddev" : 0.000000,
          "N" : 0
        },
        "lat_ns" : {
          "min" : 0,
          "max" : 0,
          "mean" : 0.000000,
          "stddev" : 0.000000,
          "N" : 0
        },
        "bw_min" : 0,
        "bw_max" : 0,
        "bw_agg" : 0.000000,
        "bw_mean" : 0.000000,
        "bw_dev" : 0.000000,
        "bw_samples" : 0,
        "iops_min" : 0,
        "iops_max" : 0,
        "iops_mean" : 0.000000,
        "iops_stddev" : 0.000000,
        "iops_samples" : 0
      },
      "write" : {
        "io_bytes" : 533725184,
        "io_kbytes" : 521216,
        "bw_bytes" : 387599988,
        "bw" : 378515,
        "iops" : 739.288308,
        "runtime" : 1377,
        "total_ios" : 1018,
        "short_ios" : 0,
        "drop_ios" : 0,
        "slat_ns" : {
          "min" : 235116,
          "max" : 605839392,
          "mean" : 1244575.574656,
          "stddev" : 19648548.874650,
          "N" : 1018
        },
        "clat_ns" : {
          "min" : 60262,
          "max" : 211609429,
          "mean" : 72475780.015717,
          "stddev" : 28901021.684810,
          "N" : 1018,
          "percentile" : {
            "1.000000" : 4489216,
            "5.000000" : 32899072,
            "10.000000" : 35389440,
            "20.000000" : 35913728,
            "30.000000" : 46923776,
            "40.000000" : 76021760,
            "50.000000" : 85458944,
            "60.000000" : 89653248,
            "70.000000" : 94896128,
            "80.000000" : 98041856,
            "90.000000" : 102236160,
            "95.000000" : 105381888,
            "99.000000" : 110624768,
            "99.500000" : 113770496,
            "99.900000" : 115867648,
            "99.950000" : 210763776,
            "99.990000" : 210763776
          }
        },
        "lat_ns" : {
          "min" : 373502,
          "max" : 817451796,
          "mean" : 73720707.911591,
          "stddev" : 37224933.631026,
          "N" : 1018
        },
        "bw_min" : 667648,
        "bw_max" : 667648,
        "bw_agg" : 100.000000,
        "bw_mean" : 667648.000000,
        "bw_dev" : 0.000000,
        "bw_samples" : 1,
        "iops_min" : 1304,
        "iops_max" : 1304,
        "iops_mean" : 1304.000000,
        "iops_stddev" : 0.000000,
        "iops_samples" : 1
      },
      "trim" : {
        "io_bytes" : 0,
        "io_kbytes" : 0,
        "bw_bytes" : 0,
        "bw" : 0,
        "iops" : 0.000000,
        "runtime" : 0,
        "total_ios" : 0,
        "short_ios" : 0,
        "drop_ios" : 0,
        "slat_ns" : {
          "min" : 0,
          "max" : 0,
          "mean" : 0.000000,
          "stddev" : 0.000000,
          "N" : 0
        },
        "clat_ns" : {
          "min" : 0,
          "max" : 0,
          "mean" : 0.000000,
          "stddev" : 0.000000,
          "N" : 0
        },
        "lat_ns" : {
          "min" : 0,
          "max" : 0,
          "mean" : 0.000000,
          "stddev" : 0.000000,
          "N" : 0
        },
        "bw_min" : 0,
        "bw_max" : 0,
        "bw_agg" : 0.000000,
        "bw_mean" : 0.000000,
        "bw_dev" : 0.000000,
        "bw_samples" : 0,
        "iops_min" : 0,
        "iops_max" : 0,
        "iops_mean" : 0.000000,
        "iops_stddev" : 0.000000,
        "iops_samples" : 0
      },
      "sync" : {
        "total_ios" : 0,
        "lat_ns" : {
          "min" : 0,
          "max" : 0,
          "mean" : 0.000000,
          "stddev" : 0.000000,
          "N" : 0
        }
      },
      "job_runtime" : 1377,
      "usr_cpu" : 0.653595,
      "sys_cpu" : 27.886710,
      "ctx" : 1199,
      "majf" : 0,
      "minf" : 100,
      "iodepth_level" : {
        "1" : 0.100000,
        "2" : 0.196464,
        "4" : 0.392927,
        "8" : 0.785855,
        "16" : 1.571709,
        "32" : 3.143418,
        ">=64" : 93.811395
      },
      "iodepth_submit" : {
        "0" : 0.000000,
        "4" : 100.000000,
        "8" : 0.000000,
        "16" : 0.000000,
        "32" : 0.000000,
        "64" : 0.000000,
        ">=64" : 0.000000
      },
      "iodepth_complete" : {
        "0" : 0.000000,
        "4" : 99.887892,
        "8" : 0.000000,
        "16" : 0.000000,
        "32" : 0.000000,
        "64" : 0.000000,
        ">=64" : 0.112108
      },
      "latency_ns" : {
        "2" : 0.000000,
        "4" : 0.000000,
        "10" : 0.000000,
        "20" : 0.000000,
        "50" : 0.000000,
        "100" : 0.000000,
        "250" : 0.000000,
        "500" : 0.000000,
        "750" : 0.000000,
        "1000" : 0.000000
      },
      "latency_us" : {
        "2" : 0.000000,
        "4" : 0.000000,
        "10" : 0.000000,
        "20" : 0.000000,
        "50" : 0.000000,
        "100" : 0.098232,
        "250" : 0.000000,
        "500" : 0.000000,
        "750" : 0.098232,
        "1000" : 0.000000
      },
      "latency_ms" : {
        "2" : 0.294695,
        "4" : 0.491159,
        "10" : 1.277014,
        "20" : 1.571709,
        "50" : 28.094303,
        "100" : 55.795678,
        "250" : 12.278978,
        "500" : 0.000000,
        "750" : 0.000000,
        "1000" : 0.000000,
        "2000" : 0.000000,
        ">=2000" : 0.000000
      },
      "latency_depth" : 128,
      "latency_target" : 0,
      "latency_percentile" : 100.000000,
      "latency_window" : 0
    }
  ]
}
