{
  "fio version" : "fio-3.28",
  "timestamp" : 1690553062,
  "timestamp_ms" : 1690553062620,
  "time" : "Fri Jul 28 14:04:22 2023",
  "global options" : {
    "bs" : "128k",
    "ioengine" : "libaio",
    "rw" : "randwrite",
    "size" : "30G",
    "name" : "test",
    "numjobs" : "1",
    "group_reporting" : "1",
    "iodepth" : "128",
    "fallocate" : "native",
    "runtime" : "120",
    "directory" : "/tmp/ssfs/home/sevag/fuse_ext4",
    "nrfiles" : "8196"
  },
  "jobs" : [
    {
      "jobname" : "jobs1",
      "groupid" : 0,
      "error" : 0,
      "eta" : 0,
      "elapsed" : 74,
      "job options" : {
        "filename_format" : "f$filenum"
      },
      "read" : {
        "io_bytes" : 0,
        "io_kbytes" : 0,
        "bw_bytes" : 0,
        "bw" : 0,
        "iops" : 0.000000,
        "runtime" : 0,
        "total_ios" : 0,
        "short_ios" : 0,
        "drop_ios" : 0,
        "slat_ns" : {
          "min" : 0,
          "max" : 0,
          "mean" : 0.000000,
          "stddev" : 0.000000,
          "N" : 0
        },
        "clat_ns" : {
          "min" : 0,
          "max" : 0,
          "mean" : 0.000000,
          "stddev" : 0.000000,
          "N" : 0
        },
        "lat_ns" : {
          "min" : 0,
          "max" : 0,
          "mean" : 0.000000,
          "stddev" : 0.000000,
          "N" : 0
        },
        "bw_min" : 0,
        "bw_max" : 0,
        "bw_agg" : 0.000000,
        "bw_mean" : 0.000000,
        "bw_dev" : 0.000000,
        "bw_samples" : 0,
        "iops_min" : 0,
        "iops_max" : 0,
        "iops_mean" : 0.000000,
        "iops_stddev" : 0.000000,
        "iops_samples" : 0
      },
      "write" : {
        "io_bytes" : 31153717248,
        "io_kbytes" : 30423552,
        "bw_bytes" : 433093534,
        "bw" : 422942,
        "iops" : 3304.241447,
        "runtime" : 71933,
        "total_ios" : 237684,
        "short_ios" : 0,
        "drop_ios" : 0,
        "slat_ns" : {
          "min" : 80413,
          "max" : 159033028,
          "mean" : 282946.410659,
          "stddev" : 527632.583527,
          "N" : 237684
        },
        "clat_ns" : {
          "min" : 13368203,
          "max" : 379450504,
          "mean" : 38201884.339358,
          "stddev" : 10249510.512080,
          "N" : 237684,
          "percentile" : {
            "1.000000" : 17170432,
            "5.000000" : 28966912,
            "10.000000" : 30539776,
            "20.000000" : 32112640,
            "30.000000" : 33816576,
            "40.000000" : 36438016,
            "50.000000" : 39583744,
            "60.000000" : 41156608,
            "70.000000" : 41680896,
            "80.000000" : 42205184,
            "90.000000" : 43253760,
            "95.000000" : 45875200,
            "99.000000" : 63176704,
            "99.500000" : 65798144,
            "99.900000" : 77070336,
            "99.950000" : 341835776,
            "99.990000" : 371195904
          }
        },
        "lat_ns" : {
          "min" : 13502355,
          "max" : 462473752,
          "mean" : 38485719.431014,
          "stddev" : 10299170.321052,
          "N" : 237684
        },
        "bw_min" : 21248,
        "bw_max" : 643840,
        "bw_agg" : 100.000000,
        "bw_mean" : 425108.587413,
        "bw_dev" : 68972.501821,
        "bw_samples" : 143,
        "iops_min" : 166,
        "iops_max" : 5030,
        "iops_mean" : 3321.160839,
        "iops_stddev" : 538.847670,
        "iops_samples" : 143
      },
      "trim" : {
        "io_bytes" : 0,
        "io_kbytes" : 0,
        "bw_bytes" : 0,
        "bw" : 0,
        "iops" : 0.000000,
        "runtime" : 0,
        "total_ios" : 0,
        "short_ios" : 0,
        "drop_ios" : 0,
        "slat_ns" : {
          "min" : 0,
          "max" : 0,
          "mean" : 0.000000,
          "stddev" : 0.000000,
          "N" : 0
        },
        "clat_ns" : {
          "min" : 0,
          "max" : 0,
          "mean" : 0.000000,
          "stddev" : 0.000000,
          "N" : 0
        },
        "lat_ns" : {
          "min" : 0,
          "max" : 0,
          "mean" : 0.000000,
          "stddev" : 0.000000,
          "N" : 0
        },
        "bw_min" : 0,
        "bw_max" : 0,
        "bw_agg" : 0.000000,
        "bw_mean" : 0.000000,
        "bw_dev" : 0.000000,
        "bw_samples" : 0,
        "iops_min" : 0,
        "iops_max" : 0,
        "iops_mean" : 0.000000,
        "iops_stddev" : 0.000000,
        "iops_samples" : 0
      },
      "sync" : {
        "total_ios" : 0,
        "lat_ns" : {
          "min" : 0,
          "max" : 0,
          "mean" : 0.000000,
          "stddev" : 0.000000,
          "N" : 0
        }
      },
      "job_runtime" : 71932,
      "usr_cpu" : 4.690541,
      "sys_cpu" : 49.824835,
      "ctx" : 255619,
      "majf" : 0,
      "minf" : 10,
      "iodepth_level" : {
        "1" : 0.100000,
        "2" : 0.100000,
        "4" : 0.100000,
        "8" : 0.100000,
        "16" : 0.100000,
        "32" : 0.100000,
        ">=64" : 99.973494
      },
      "iodepth_submit" : {
        "0" : 0.000000,
        "4" : 100.000000,
        "8" : 0.000000,
        "16" : 0.000000,
        "32" : 0.000000,
        "64" : 0.000000,
        ">=64" : 0.000000
      },
      "iodepth_complete" : {
        "0" : 0.000000,
        "4" : 99.999579,
        "8" : 0.000000,
        "16" : 0.000000,
        "32" : 0.000000,
        "64" : 0.000000,
        ">=64" : 0.100000
      },
      "latency_ns" : {
        "2" : 0.000000,
        "4" : 0.000000,
        "10" : 0.000000,
        "20" : 0.000000,
        "50" : 0.000000,
        "100" : 0.000000,
        "250" : 0.000000,
        "500" : 0.000000,
        "750" : 0.000000,
        "1000" : 0.000000
      },
      "latency_us" : {
        "2" : 0.000000,
        "4" : 0.000000,
        "10" : 0.000000,
        "20" : 0.000000,
        "50" : 0.000000,
        "100" : 0.000000,
        "250" : 0.000000,
        "500" : 0.000000,
        "750" : 0.000000,
        "1000" : 0.000000
      },
      "latency_ms" : {
        "2" : 0.000000,
        "4" : 0.000000,
        "10" : 0.000000,
        "20" : 1.389660,
        "50" : 94.805288,
        "100" : 3.750778,
        "250" : 0.010000,
        "500" : 0.053853,
        "750" : 0.000000,
        "1000" : 0.000000,
        "2000" : 0.000000,
        ">=2000" : 0.000000
      },
      "latency_depth" : 128,
      "latency_target" : 0,
      "latency_percentile" : 100.000000,
      "latency_window" : 0
    }
  ]
}
