{
  "fio version" : "fio-3.28",
  "timestamp" : 1690469219,
  "timestamp_ms" : 1690469219812,
  "time" : "Thu Jul 27 14:46:59 2023",
  "global options" : {
    "bs" : "512k",
    "ioengine" : "libaio",
    "rw" : "randwrite",
    "size" : "1G",
    "name" : "test",
    "numjobs" : "32",
    "group_reporting" : "1",
    "iodepth" : "128",
    "fallocate" : "native",
    "runtime" : "120",
    "directory" : "/home/sevag/tmpfs",
    "nrfiles" : "1"
  },
  "jobs" : [
    {
      "jobname" : "jobs1",
      "groupid" : 0,
      "error" : 0,
      "eta" : 2147483647,
      "elapsed" : 1,
      "job options" : {
        "filename_format" : "f$filenum"
      },
      "read" : {
        "io_bytes" : 0,
        "io_kbytes" : 0,
        "bw_bytes" : 0,
        "bw" : 0,
        "iops" : 0.000000,
        "runtime" : 0,
        "total_ios" : 0,
        "short_ios" : 0,
        "drop_ios" : 0,
        "slat_ns" : {
          "min" : 0,
          "max" : 0,
          "mean" : 0.000000,
          "stddev" : 0.000000,
          "N" : 0
        },
        "clat_ns" : {
          "min" : 0,
          "max" : 0,
          "mean" : 0.000000,
          "stddev" : 0.000000,
          "N" : 0
        },
        "lat_ns" : {
          "min" : 0,
          "max" : 0,
          "mean" : 0.000000,
          "stddev" : 0.000000,
          "N" : 0
        },
        "bw_min" : 0,
        "bw_max" : 0,
        "bw_agg" : 0.000000,
        "bw_mean" : 0.000000,
        "bw_dev" : 0.000000,
        "bw_samples" : 0,
        "iops_min" : 0,
        "iops_max" : 0,
        "iops_mean" : 0.000000,
        "iops_stddev" : 0.000000,
        "iops_samples" : 0
      },
      "write" : {
        "io_bytes" : 1073741824,
        "io_kbytes" : 1048576,
        "bw_bytes" : 2999278837,
        "bw" : 2928983,
        "iops" : 5720.670391,
        "runtime" : 358,
        "total_ios" : 2048,
        "short_ios" : 0,
        "drop_ios" : 0,
        "slat_ns" : {
          "min" : 138932,
          "max" : 202728,
          "mean" : 173150.104492,
          "stddev" : 11468.868832,
          "N" : 2048
        },
        "clat_ns" : {
          "min" : 3113,
          "max" : 23464694,
          "mean" : 21533742.940918,
          "stddev" : 3212346.314123,
          "N" : 2048,
          "percentile" : {
            "1.000000" : 3620864,
            "5.000000" : 18481152,
            "10.000000" : 20316160,
            "20.000000" : 21364736,
            "30.000000" : 21626880,
            "40.000000" : 21889024,
            "50.000000" : 22151168,
            "60.000000" : 22413312,
            "70.000000" : 22937600,
            "80.000000" : 23199744,
            "90.000000" : 23199744,
            "95.000000" : 23461888,
            "99.000000" : 23461888,
            "99.500000" : 23461888,
            "99.900000" : 23461888,
            "99.950000" : 23461888,
            "99.990000" : 23461888
          }
        },
        "lat_ns" : {
          "min" : 169588,
          "max" : 23657375,
          "mean" : 21707079.635742,
          "stddev" : 3212826.741697,
          "N" : 2048
        },
        "bw_min" : 0,
        "bw_max" : 0,
        "bw_agg" : 0.000000,
        "bw_mean" : 0.000000,
        "bw_dev" : 0.000000,
        "bw_samples" : 0,
        "iops_min" : 0,
        "iops_max" : 0,
        "iops_mean" : 0.000000,
        "iops_stddev" : 0.000000,
        "iops_samples" : 0
      },
      "trim" : {
        "io_bytes" : 0,
        "io_kbytes" : 0,
        "bw_bytes" : 0,
        "bw" : 0,
        "iops" : 0.000000,
        "runtime" : 0,
        "total_ios" : 0,
        "short_ios" : 0,
        "drop_ios" : 0,
        "slat_ns" : {
          "min" : 0,
          "max" : 0,
          "mean" : 0.000000,
          "stddev" : 0.000000,
          "N" : 0
        },
        "clat_ns" : {
          "min" : 0,
          "max" : 0,
          "mean" : 0.000000,
          "stddev" : 0.000000,
          "N" : 0
        },
        "lat_ns" : {
          "min" : 0,
          "max" : 0,
          "mean" : 0.000000,
          "stddev" : 0.000000,
          "N" : 0
        },
        "bw_min" : 0,
        "bw_max" : 0,
        "bw_agg" : 0.000000,
        "bw_mean" : 0.000000,
        "bw_dev" : 0.000000,
        "bw_samples" : 0,
        "iops_min" : 0,
        "iops_max" : 0,
        "iops_mean" : 0.000000,
        "iops_stddev" : 0.000000,
        "iops_samples" : 0
      },
      "sync" : {
        "total_ios" : 0,
        "lat_ns" : {
          "min" : 0,
          "max" : 0,
          "mean" : 0.000000,
          "stddev" : 0.000000,
          "N" : 0
        }
      },
      "job_runtime" : 357,
      "usr_cpu" : 21.008403,
      "sys_cpu" : 78.431373,
      "ctx" : 0,
      "majf" : 0,
      "minf" : 69,
      "iodepth_level" : {
        "1" : 0.100000,
        "2" : 0.100000,
        "4" : 0.195312,
        "8" : 0.390625,
        "16" : 0.781250,
        "32" : 1.562500,
        ">=64" : 96.923828
      },
      "iodepth_submit" : {
        "0" : 0.000000,
        "4" : 100.000000,
        "8" : 0.000000,
        "16" : 0.000000,
        "32" : 0.000000,
        "64" : 0.000000,
        ">=64" : 0.000000
      },
      "iodepth_complete" : {
        "0" : 0.000000,
        "4" : 99.947971,
        "8" : 0.000000,
        "16" : 0.000000,
        "32" : 0.000000,
        "64" : 0.000000,
        ">=64" : 0.100000
      },
      "latency_ns" : {
        "2" : 0.000000,
        "4" : 0.000000,
        "10" : 0.000000,
        "20" : 0.000000,
        "50" : 0.000000,
        "100" : 0.000000,
        "250" : 0.000000,
        "500" : 0.000000,
        "750" : 0.000000,
        "1000" : 0.000000
      },
      "latency_us" : {
        "2" : 0.000000,
        "4" : 0.048828,
        "10" : 0.000000,
        "20" : 0.000000,
        "50" : 0.000000,
        "100" : 0.000000,
        "250" : 0.048828,
        "500" : 0.048828,
        "750" : 0.097656,
        "1000" : 0.048828
      },
      "latency_ms" : {
        "2" : 0.292969,
        "4" : 0.488281,
        "10" : 1.611328,
        "20" : 3.613281,
        "50" : 93.701172,
        "100" : 0.000000,
        "250" : 0.000000,
        "500" : 0.000000,
        "750" : 0.000000,
        "1000" : 0.000000,
        "2000" : 0.000000,
        ">=2000" : 0.000000
      },
      "latency_depth" : 128,
      "latency_target" : 0,
      "latency_percentile" : 100.000000,
      "latency_window" : 0
    }
  ]
}
