{
  "fio version" : "fio-3.28",
  "timestamp" : 1690505662,
  "timestamp_ms" : 1690505662710,
  "time" : "Fri Jul 28 00:54:22 2023",
  "global options" : {
    "bs" : "128k",
    "ioengine" : "libaio",
    "rw" : "randread",
    "size" : "1G",
    "name" : "test",
    "numjobs" : "1",
    "group_reporting" : "1",
    "iodepth" : "128",
    "fallocate" : "native",
    "runtime" : "120",
    "directory" : "/tmp/ssfs/home/sevag/fuse_ext4",
    "nrfiles" : "1024"
  },
  "jobs" : [
    {
      "jobname" : "jobs1",
      "groupid" : 0,
      "error" : 24,
      "eta" : 2147483647,
      "elapsed" : 2,
      "job options" : {
        "filename_format" : "f$filenum"
      },
      "read" : {
        "io_bytes" : 133038080,
        "io_kbytes" : 129920,
        "bw_bytes" : 175743830,
        "bw" : 171624,
        "iops" : 1340.819022,
        "runtime" : 757,
        "total_ios" : 1015,
        "short_ios" : 0,
        "drop_ios" : 0,
        "slat_ns" : {
          "min" : 238013,
          "max" : 780777,
          "mean" : 401068.980296,
          "stddev" : 61907.514474,
          "N" : 1015
        },
        "clat_ns" : {
          "min" : 91709,
          "max" : 125257973,
          "mean" : 87326760.764532,
          "stddev" : 18760155.896258,
          "N" : 1015,
          "percentile" : {
            "1.000000" : 10420224,
            "5.000000" : 44826624,
            "10.000000" : 78118912,
            "20.000000" : 84410368,
            "30.000000" : 84410368,
            "40.000000" : 85458944,
            "50.000000" : 88604672,
            "60.000000" : 91750400,
            "70.000000" : 93847552,
            "80.000000" : 96993280,
            "90.000000" : 104333312,
            "95.000000" : 119013376,
            "99.000000" : 122159104,
            "99.500000" : 123207680,
            "99.900000" : 125304832,
            "99.950000" : 125304832,
            "99.990000" : 125304832
          }
        },
        "lat_ns" : {
          "min" : 537862,
          "max" : 126013607,
          "mean" : 87728990.681774,
          "stddev" : 18779596.786205,
          "N" : 1015
        },
        "bw_min" : 140544,
        "bw_max" : 140544,
        "bw_agg" : 81.890247,
        "bw_mean" : 140544.000000,
        "bw_dev" : 0.000000,
        "bw_samples" : 1,
        "iops_min" : 1098,
        "iops_max" : 1098,
        "iops_mean" : 1098.000000,
        "iops_stddev" : 0.000000,
        "iops_samples" : 1
      },
      "write" : {
        "io_bytes" : 0,
        "io_kbytes" : 0,
        "bw_bytes" : 0,
        "bw" : 0,
        "iops" : 0.000000,
        "runtime" : 0,
        "total_ios" : 0,
        "short_ios" : 0,
        "drop_ios" : 0,
        "slat_ns" : {
          "min" : 0,
          "max" : 0,
          "mean" : 0.000000,
          "stddev" : 0.000000,
          "N" : 0
        },
        "clat_ns" : {
          "min" : 0,
          "max" : 0,
          "mean" : 0.000000,
          "stddev" : 0.000000,
          "N" : 0
        },
        "lat_ns" : {
          "min" : 0,
          "max" : 0,
          "mean" : 0.000000,
          "stddev" : 0.000000,
          "N" : 0
        },
        "bw_min" : 0,
        "bw_max" : 0,
        "bw_agg" : 0.000000,
        "bw_mean" : 0.000000,
        "bw_dev" : 0.000000,
        "bw_samples" : 0,
        "iops_min" : 0,
        "iops_max" : 0,
        "iops_mean" : 0.000000,
        "iops_stddev" : 0.000000,
        "iops_samples" : 0
      },
      "trim" : {
        "io_bytes" : 0,
        "io_kbytes" : 0,
        "bw_bytes" : 0,
        "bw" : 0,
        "iops" : 0.000000,
        "runtime" : 0,
        "total_ios" : 0,
        "short_ios" : 0,
        "drop_ios" : 0,
        "slat_ns" : {
          "min" : 0,
          "max" : 0,
          "mean" : 0.000000,
          "stddev" : 0.000000,
          "N" : 0
        },
        "clat_ns" : {
          "min" : 0,
          "max" : 0,
          "mean" : 0.000000,
          "stddev" : 0.000000,
          "N" : 0
        },
        "lat_ns" : {
          "min" : 0,
          "max" : 0,
          "mean" : 0.000000,
          "stddev" : 0.000000,
          "N" : 0
        },
        "bw_min" : 0,
        "bw_max" : 0,
        "bw_agg" : 0.000000,
        "bw_mean" : 0.000000,
        "bw_dev" : 0.000000,
        "bw_samples" : 0,
        "iops_min" : 0,
        "iops_max" : 0,
        "iops_mean" : 0.000000,
        "iops_stddev" : 0.000000,
        "iops_samples" : 0
      },
      "sync" : {
        "total_ios" : 0,
        "lat_ns" : {
          "min" : 0,
          "max" : 0,
          "mean" : 0.000000,
          "stddev" : 0.000000,
          "N" : 0
        }
      },
      "job_runtime" : 756,
      "usr_cpu" : 3.835979,
      "sys_cpu" : 26.190476,
      "ctx" : 2215,
      "majf" : 0,
      "minf" : 4114,
      "iodepth_level" : {
        "1" : 0.100000,
        "2" : 0.197044,
        "4" : 0.394089,
        "8" : 0.788177,
        "16" : 1.576355,
        "32" : 3.152709,
        ">=64" : 93.793103
      },
      "iodepth_submit" : {
        "0" : 0.000000,
        "4" : 100.000000,
        "8" : 0.000000,
        "16" : 0.000000,
        "32" : 0.000000,
        "64" : 0.000000,
        ">=64" : 0.000000
      },
      "iodepth_complete" : {
        "0" : 0.000000,
        "4" : 99.887514,
        "8" : 0.000000,
        "16" : 0.000000,
        "32" : 0.000000,
        "64" : 0.000000,
        ">=64" : 0.112486
      },
      "latency_ns" : {
        "2" : 0.000000,
        "4" : 0.000000,
        "10" : 0.000000,
        "20" : 0.000000,
        "50" : 0.000000,
        "100" : 0.000000,
        "250" : 0.000000,
        "500" : 0.000000,
        "750" : 0.000000,
        "1000" : 0.000000
      },
      "latency_us" : {
        "2" : 0.000000,
        "4" : 0.000000,
        "10" : 0.000000,
        "20" : 0.000000,
        "50" : 0.000000,
        "100" : 0.098522,
        "250" : 0.000000,
        "500" : 0.000000,
        "750" : 0.000000,
        "1000" : 0.000000
      },
      "latency_ms" : {
        "2" : 0.000000,
        "4" : 0.098522,
        "10" : 0.788177,
        "20" : 1.182266,
        "50" : 3.349754,
        "100" : 79.704433,
        "250" : 14.778325,
        "500" : 0.000000,
        "750" : 0.000000,
        "1000" : 0.000000,
        "2000" : 0.000000,
        ">=2000" : 0.000000
      },
      "latency_depth" : 128,
      "latency_target" : 0,
      "latency_percentile" : 100.000000,
      "latency_window" : 0
    }
  ]
}
