{
  "fio version" : "fio-3.28",
  "timestamp" : 1690497347,
  "timestamp_ms" : 1690497347541,
  "time" : "Thu Jul 27 22:35:47 2023",
  "global options" : {
    "bs" : "512k",
    "ioengine" : "libaio",
    "rw" : "randwrite",
    "size" : "10G",
    "name" : "test",
    "numjobs" : "16",
    "group_reporting" : "1",
    "iodepth" : "128",
    "fallocate" : "native",
    "runtime" : "120",
    "directory" : "/tmp/ssfs/home/sevag/fuse_ext4",
    "nrfiles" : "128"
  },
  "jobs" : [
    {
      "jobname" : "jobs1",
      "groupid" : 0,
      "error" : 0,
      "eta" : 0,
      "elapsed" : 7,
      "job options" : {
        "filename_format" : "f$filenum"
      },
      "read" : {
        "io_bytes" : 0,
        "io_kbytes" : 0,
        "bw_bytes" : 0,
        "bw" : 0,
        "iops" : 0.000000,
        "runtime" : 0,
        "total_ios" : 0,
        "short_ios" : 0,
        "drop_ios" : 0,
        "slat_ns" : {
          "min" : 0,
          "max" : 0,
          "mean" : 0.000000,
          "stddev" : 0.000000,
          "N" : 0
        },
        "clat_ns" : {
          "min" : 0,
          "max" : 0,
          "mean" : 0.000000,
          "stddev" : 0.000000,
          "N" : 0
        },
        "lat_ns" : {
          "min" : 0,
          "max" : 0,
          "mean" : 0.000000,
          "stddev" : 0.000000,
          "N" : 0
        },
        "bw_min" : 0,
        "bw_max" : 0,
        "bw_agg" : 0.000000,
        "bw_mean" : 0.000000,
        "bw_dev" : 0.000000,
        "bw_samples" : 0,
        "iops_min" : 0,
        "iops_max" : 0,
        "iops_mean" : 0.000000,
        "iops_stddev" : 0.000000,
        "iops_samples" : 0
      },
      "write" : {
        "io_bytes" : 10737418240,
        "io_kbytes" : 10485760,
        "bw_bytes" : 1773314325,
        "bw" : 1731752,
        "iops" : 3382.328654,
        "runtime" : 6055,
        "total_ios" : 20480,
        "short_ios" : 0,
        "drop_ios" : 0,
        "slat_ns" : {
          "min" : 166701,
          "max" : 601940014,
          "mean" : 290997.321582,
          "stddev" : 4220811.801548,
          "N" : 20480
        },
        "clat_ns" : {
          "min" : 2598,
          "max" : 120525287,
          "mean" : 33465176.904931,
          "stddev" : 10441576.181629,
          "N" : 20480,
          "percentile" : {
            "1.000000" : 23986176,
            "5.000000" : 24248320,
            "10.000000" : 24248320,
            "20.000000" : 24510464,
            "30.000000" : 24510464,
            "40.000000" : 24772608,
            "50.000000" : 31064064,
            "60.000000" : 40632320,
            "70.000000" : 40632320,
            "80.000000" : 40632320,
            "90.000000" : 42729472,
            "95.000000" : 49545216,
            "99.000000" : 59506688,
            "99.500000" : 70778880,
            "99.900000" : 113770496,
            "99.950000" : 116916224,
            "99.990000" : 119013376
          }
        },
        "lat_ns" : {
          "min" : 176763,
          "max" : 722467608,
          "mean" : 33756356.228857,
          "stddev" : 11538280.240292,
          "N" : 20480
        },
        "bw_min" : 1022976,
        "bw_max" : 2557952,
        "bw_agg" : 100.000000,
        "bw_mean" : 1842203.200000,
        "bw_dev" : 522384.307843,
        "bw_samples" : 10,
        "iops_min" : 1998,
        "iops_max" : 4996,
        "iops_mean" : 3598.000000,
        "iops_stddev" : 1020.301045,
        "iops_samples" : 10
      },
      "trim" : {
        "io_bytes" : 0,
        "io_kbytes" : 0,
        "bw_bytes" : 0,
        "bw" : 0,
        "iops" : 0.000000,
        "runtime" : 0,
        "total_ios" : 0,
        "short_ios" : 0,
        "drop_ios" : 0,
        "slat_ns" : {
          "min" : 0,
          "max" : 0,
          "mean" : 0.000000,
          "stddev" : 0.000000,
          "N" : 0
        },
        "clat_ns" : {
          "min" : 0,
          "max" : 0,
          "mean" : 0.000000,
          "stddev" : 0.000000,
          "N" : 0
        },
        "lat_ns" : {
          "min" : 0,
          "max" : 0,
          "mean" : 0.000000,
          "stddev" : 0.000000,
          "N" : 0
        },
        "bw_min" : 0,
        "bw_max" : 0,
        "bw_agg" : 0.000000,
        "bw_mean" : 0.000000,
        "bw_dev" : 0.000000,
        "bw_samples" : 0,
        "iops_min" : 0,
        "iops_max" : 0,
        "iops_mean" : 0.000000,
        "iops_stddev" : 0.000000,
        "iops_samples" : 0
      },
      "sync" : {
        "total_ios" : 0,
        "lat_ns" : {
          "min" : 0,
          "max" : 0,
          "mean" : 0.000000,
          "stddev" : 0.000000,
          "N" : 0
        }
      },
      "job_runtime" : 6054,
      "usr_cpu" : 7.201850,
      "sys_cpu" : 77.700694,
      "ctx" : 937,
      "majf" : 0,
      "minf" : 39,
      "iodepth_level" : {
        "1" : 0.100000,
        "2" : 0.100000,
        "4" : 0.100000,
        "8" : 0.100000,
        "16" : 0.100000,
        "32" : 0.156250,
        ">=64" : 99.692383
      },
      "iodepth_submit" : {
        "0" : 0.000000,
        "4" : 100.000000,
        "8" : 0.000000,
        "16" : 0.000000,
        "32" : 0.000000,
        "64" : 0.000000,
        ">=64" : 0.000000
      },
      "iodepth_complete" : {
        "0" : 0.000000,
        "4" : 99.995087,
        "8" : 0.000000,
        "16" : 0.000000,
        "32" : 0.000000,
        "64" : 0.000000,
        ">=64" : 0.100000
      },
      "latency_ns" : {
        "2" : 0.000000,
        "4" : 0.000000,
        "10" : 0.000000,
        "20" : 0.000000,
        "50" : 0.000000,
        "100" : 0.000000,
        "250" : 0.000000,
        "500" : 0.000000,
        "750" : 0.000000,
        "1000" : 0.000000
      },
      "latency_us" : {
        "2" : 0.000000,
        "4" : 0.010000,
        "10" : 0.000000,
        "20" : 0.000000,
        "50" : 0.000000,
        "100" : 0.000000,
        "250" : 0.010000,
        "500" : 0.010000,
        "750" : 0.010000,
        "1000" : 0.010000
      },
      "latency_ms" : {
        "2" : 0.024414,
        "4" : 0.048828,
        "10" : 0.156250,
        "20" : 0.244141,
        "50" : 94.555664,
        "100" : 4.677734,
        "250" : 0.263672,
        "500" : 0.000000,
        "750" : 0.000000,
        "1000" : 0.000000,
        "2000" : 0.000000,
        ">=2000" : 0.000000
      },
      "latency_depth" : 128,
      "latency_target" : 0,
      "latency_percentile" : 100.000000,
      "latency_window" : 0
    }
  ]
}
