{
  "fio version" : "fio-3.28",
  "timestamp" : 1690480308,
  "timestamp_ms" : 1690480308133,
  "time" : "Thu Jul 27 17:51:48 2023",
  "global options" : {
    "bs" : "128k",
    "ioengine" : "libaio",
    "rw" : "read",
    "size" : "30G",
    "name" : "test",
    "numjobs" : "1",
    "group_reporting" : "1",
    "iodepth" : "128",
    "fallocate" : "native",
    "runtime" : "120",
    "directory" : "/tmp/ssfs/home/sevag/fuse_ext4",
    "nrfiles" : "64"
  },
  "jobs" : [
    {
      "jobname" : "jobs1",
      "groupid" : 0,
      "error" : 0,
      "eta" : 0,
      "elapsed" : 13,
      "job options" : {
        "filename_format" : "f$filenum"
      },
      "read" : {
        "io_bytes" : 32212254720,
        "io_kbytes" : 31457280,
        "bw_bytes" : 2587953299,
        "bw" : 2527298,
        "iops" : 19744.516751,
        "runtime" : 12447,
        "total_ios" : 245760,
        "short_ios" : 0,
        "drop_ios" : 0,
        "slat_ns" : {
          "min" : 14830,
          "max" : 985655,
          "mean" : 49844.146362,
          "stddev" : 31800.604958,
          "N" : 245760
        },
        "clat_ns" : {
          "min" : 2284,
          "max" : 92389480,
          "mean" : 6400970.982296,
          "stddev" : 1707858.735871,
          "N" : 245760,
          "percentile" : {
            "1.000000" : 5603328,
            "5.000000" : 5603328,
            "10.000000" : 5668864,
            "20.000000" : 5668864,
            "30.000000" : 5668864,
            "40.000000" : 5668864,
            "50.000000" : 5668864,
            "60.000000" : 5734400,
            "70.000000" : 5734400,
            "80.000000" : 8978432,
            "90.000000" : 9109504,
            "95.000000" : 9109504,
            "99.000000" : 9502720,
            "99.500000" : 9633792,
            "99.900000" : 9895936,
            "99.950000" : 12255232,
            "99.990000" : 73924608
          }
        },
        "lat_ns" : {
          "min" : 34542,
          "max" : 93376935,
          "mean" : 6450879.208529,
          "stddev" : 1722417.888426,
          "N" : 245760
        },
        "bw_min" : 1381120,
        "bw_max" : 2868224,
        "bw_agg" : 99.469784,
        "bw_mean" : 2513898.666667,
        "bw_dev" : 525455.390097,
        "bw_samples" : 24,
        "iops_min" : 10790,
        "iops_max" : 22408,
        "iops_mean" : 19639.750000,
        "iops_stddev" : 4105.242473,
        "iops_samples" : 24
      },
      "write" : {
        "io_bytes" : 0,
        "io_kbytes" : 0,
        "bw_bytes" : 0,
        "bw" : 0,
        "iops" : 0.000000,
        "runtime" : 0,
        "total_ios" : 0,
        "short_ios" : 0,
        "drop_ios" : 0,
        "slat_ns" : {
          "min" : 0,
          "max" : 0,
          "mean" : 0.000000,
          "stddev" : 0.000000,
          "N" : 0
        },
        "clat_ns" : {
          "min" : 0,
          "max" : 0,
          "mean" : 0.000000,
          "stddev" : 0.000000,
          "N" : 0
        },
        "lat_ns" : {
          "min" : 0,
          "max" : 0,
          "mean" : 0.000000,
          "stddev" : 0.000000,
          "N" : 0
        },
        "bw_min" : 0,
        "bw_max" : 0,
        "bw_agg" : 0.000000,
        "bw_mean" : 0.000000,
        "bw_dev" : 0.000000,
        "bw_samples" : 0,
        "iops_min" : 0,
        "iops_max" : 0,
        "iops_mean" : 0.000000,
        "iops_stddev" : 0.000000,
        "iops_samples" : 0
      },
      "trim" : {
        "io_bytes" : 0,
        "io_kbytes" : 0,
        "bw_bytes" : 0,
        "bw" : 0,
        "iops" : 0.000000,
        "runtime" : 0,
        "total_ios" : 0,
        "short_ios" : 0,
        "drop_ios" : 0,
        "slat_ns" : {
          "min" : 0,
          "max" : 0,
          "mean" : 0.000000,
          "stddev" : 0.000000,
          "N" : 0
        },
        "clat_ns" : {
          "min" : 0,
          "max" : 0,
          "mean" : 0.000000,
          "stddev" : 0.000000,
          "N" : 0
        },
        "lat_ns" : {
          "min" : 0,
          "max" : 0,
          "mean" : 0.000000,
          "stddev" : 0.000000,
          "N" : 0
        },
        "bw_min" : 0,
        "bw_max" : 0,
        "bw_agg" : 0.000000,
        "bw_mean" : 0.000000,
        "bw_dev" : 0.000000,
        "bw_samples" : 0,
        "iops_min" : 0,
        "iops_max" : 0,
        "iops_mean" : 0.000000,
        "iops_stddev" : 0.000000,
        "iops_samples" : 0
      },
      "sync" : {
        "total_ios" : 0,
        "lat_ns" : {
          "min" : 0,
          "max" : 0,
          "mean" : 0.000000,
          "stddev" : 0.000000,
          "N" : 0
        }
      },
      "job_runtime" : 12446,
      "usr_cpu" : 1.116825,
      "sys_cpu" : 98.457336,
      "ctx" : 153,
      "majf" : 0,
      "minf" : 4110,
      "iodepth_level" : {
        "1" : 0.100000,
        "2" : 0.100000,
        "4" : 0.100000,
        "8" : 0.100000,
        "16" : 0.100000,
        "32" : 0.100000,
        ">=64" : 99.974365
      },
      "iodepth_submit" : {
        "0" : 0.000000,
        "4" : 100.000000,
        "8" : 0.000000,
        "16" : 0.000000,
        "32" : 0.000000,
        "64" : 0.000000,
        ">=64" : 0.000000
      },
      "iodepth_complete" : {
        "0" : 0.000000,
        "4" : 99.999593,
        "8" : 0.000000,
        "16" : 0.000000,
        "32" : 0.000000,
        "64" : 0.000000,
        ">=64" : 0.100000
      },
      "latency_ns" : {
        "2" : 0.000000,
        "4" : 0.000000,
        "10" : 0.000000,
        "20" : 0.000000,
        "50" : 0.000000,
        "100" : 0.000000,
        "250" : 0.000000,
        "500" : 0.000000,
        "750" : 0.000000,
        "1000" : 0.000000
      },
      "latency_us" : {
        "2" : 0.000000,
        "4" : 0.010000,
        "10" : 0.000000,
        "20" : 0.000000,
        "50" : 0.010000,
        "100" : 0.010000,
        "250" : 0.010000,
        "500" : 0.010000,
        "750" : 0.010000,
        "1000" : 0.010000
      },
      "latency_ms" : {
        "2" : 0.020345,
        "4" : 0.049642,
        "10" : 99.814453,
        "20" : 0.060628,
        "50" : 0.014648,
        "100" : 0.019531,
        "250" : 0.000000,
        "500" : 0.000000,
        "750" : 0.000000,
        "1000" : 0.000000,
        "2000" : 0.000000,
        ">=2000" : 0.000000
      },
      "latency_depth" : 128,
      "latency_target" : 0,
      "latency_percentile" : 100.000000,
      "latency_window" : 0
    }
  ]
}
