{
  "fio version" : "fio-3.28",
  "timestamp" : 1690507507,
  "timestamp_ms" : 1690507507257,
  "time" : "Fri Jul 28 01:25:07 2023",
  "global options" : {
    "bs" : "512k",
    "ioengine" : "libaio",
    "rw" : "read",
    "size" : "30G",
    "name" : "test",
    "numjobs" : "1",
    "group_reporting" : "1",
    "iodepth" : "128",
    "fallocate" : "native",
    "runtime" : "120",
    "directory" : "/tmp/ssfs/home/sevag/fuse_ext4",
    "nrfiles" : "1024"
  },
  "jobs" : [
    {
      "jobname" : "jobs1",
      "groupid" : 0,
      "error" : 24,
      "eta" : 0,
      "elapsed" : 3,
      "job options" : {
        "filename_format" : "f$filenum"
      },
      "read" : {
        "io_bytes" : 531103744,
        "io_kbytes" : 518656,
        "bw_bytes" : 329264565,
        "bw" : 321547,
        "iops" : 628.022319,
        "runtime" : 1613,
        "total_ios" : 1013,
        "short_ios" : 0,
        "drop_ios" : 0,
        "slat_ns" : {
          "min" : 658845,
          "max" : 2086020,
          "mean" : 1174791.402764,
          "stddev" : 124436.637531,
          "N" : 1013
        },
        "clat_ns" : {
          "min" : 109618,
          "max" : 247153346,
          "mean" : 186918646.374136,
          "stddev" : 40287857.207999,
          "N" : 1013,
          "percentile" : {
            "1.000000" : 19267584,
            "5.000000" : 85458944,
            "10.000000" : 166723584,
            "20.000000" : 175112192,
            "30.000000" : 185597952,
            "40.000000" : 189792256,
            "50.000000" : 198180864,
            "60.000000" : 206569472,
            "70.000000" : 208666624,
            "80.000000" : 208666624,
            "90.000000" : 210763776,
            "95.000000" : 229638144,
            "99.000000" : 242221056,
            "99.500000" : 244318208,
            "99.900000" : 246415360,
            "99.950000" : 246415360,
            "99.990000" : 246415360
          }
        },
        "lat_ns" : {
          "min" : 769980,
          "max" : 249241602,
          "mean" : 188094936.270484,
          "stddev" : 40317875.105744,
          "N" : 1013
        },
        "bw_min" : 179200,
        "bw_max" : 348160,
        "bw_agg" : 87.045635,
        "bw_mean" : 279893.333333,
        "bw_dev" : 89025.203922,
        "bw_samples" : 3,
        "iops_min" : 350,
        "iops_max" : 680,
        "iops_mean" : 546.666667,
        "iops_stddev" : 173.877351,
        "iops_samples" : 3
      },
      "write" : {
        "io_bytes" : 0,
        "io_kbytes" : 0,
        "bw_bytes" : 0,
        "bw" : 0,
        "iops" : 0.000000,
        "runtime" : 0,
        "total_ios" : 0,
        "short_ios" : 0,
        "drop_ios" : 0,
        "slat_ns" : {
          "min" : 0,
          "max" : 0,
          "mean" : 0.000000,
          "stddev" : 0.000000,
          "N" : 0
        },
        "clat_ns" : {
          "min" : 0,
          "max" : 0,
          "mean" : 0.000000,
          "stddev" : 0.000000,
          "N" : 0
        },
        "lat_ns" : {
          "min" : 0,
          "max" : 0,
          "mean" : 0.000000,
          "stddev" : 0.000000,
          "N" : 0
        },
        "bw_min" : 0,
        "bw_max" : 0,
        "bw_agg" : 0.000000,
        "bw_mean" : 0.000000,
        "bw_dev" : 0.000000,
        "bw_samples" : 0,
        "iops_min" : 0,
        "iops_max" : 0,
        "iops_mean" : 0.000000,
        "iops_stddev" : 0.000000,
        "iops_samples" : 0
      },
      "trim" : {
        "io_bytes" : 0,
        "io_kbytes" : 0,
        "bw_bytes" : 0,
        "bw" : 0,
        "iops" : 0.000000,
        "runtime" : 0,
        "total_ios" : 0,
        "short_ios" : 0,
        "drop_ios" : 0,
        "slat_ns" : {
          "min" : 0,
          "max" : 0,
          "mean" : 0.000000,
          "stddev" : 0.000000,
          "N" : 0
        },
        "clat_ns" : {
          "min" : 0,
          "max" : 0,
          "mean" : 0.000000,
          "stddev" : 0.000000,
          "N" : 0
        },
        "lat_ns" : {
          "min" : 0,
          "max" : 0,
          "mean" : 0.000000,
          "stddev" : 0.000000,
          "N" : 0
        },
        "bw_min" : 0,
        "bw_max" : 0,
        "bw_agg" : 0.000000,
        "bw_mean" : 0.000000,
        "bw_dev" : 0.000000,
        "bw_samples" : 0,
        "iops_min" : 0,
        "iops_max" : 0,
        "iops_mean" : 0.000000,
        "iops_stddev" : 0.000000,
        "iops_samples" : 0
      },
      "sync" : {
        "total_ios" : 0,
        "lat_ns" : {
          "min" : 0,
          "max" : 0,
          "mean" : 0.000000,
          "stddev" : 0.000000,
          "N" : 0
        }
      },
      "job_runtime" : 1612,
      "usr_cpu" : 0.930521,
      "sys_cpu" : 45.037221,
      "ctx" : 3559,
      "majf" : 0,
      "minf" : 16411,
      "iodepth_level" : {
        "1" : 0.100000,
        "2" : 0.197433,
        "4" : 0.394867,
        "8" : 0.789733,
        "16" : 1.579467,
        "32" : 3.158934,
        ">=64" : 93.780849
      },
      "iodepth_submit" : {
        "0" : 0.000000,
        "4" : 100.000000,
        "8" : 0.000000,
        "16" : 0.000000,
        "32" : 0.000000,
        "64" : 0.000000,
        ">=64" : 0.000000
      },
      "iodepth_complete" : {
        "0" : 0.000000,
        "4" : 99.887260,
        "8" : 0.000000,
        "16" : 0.000000,
        "32" : 0.000000,
        "64" : 0.000000,
        ">=64" : 0.112740
      },
      "latency_ns" : {
        "2" : 0.000000,
        "4" : 0.000000,
        "10" : 0.000000,
        "20" : 0.000000,
        "50" : 0.000000,
        "100" : 0.000000,
        "250" : 0.000000,
        "500" : 0.000000,
        "750" : 0.000000,
        "1000" : 0.000000
      },
      "latency_us" : {
        "2" : 0.000000,
        "4" : 0.000000,
        "10" : 0.000000,
        "20" : 0.000000,
        "50" : 0.000000,
        "100" : 0.000000,
        "250" : 0.098717,
        "500" : 0.000000,
        "750" : 0.000000,
        "1000" : 0.000000
      },
      "latency_ms" : {
        "2" : 0.000000,
        "4" : 0.000000,
        "10" : 0.394867,
        "20" : 0.592300,
        "50" : 1.776900,
        "100" : 2.961500,
        "250" : 94.175716,
        "500" : 0.000000,
        "750" : 0.000000,
        "1000" : 0.000000,
        "2000" : 0.000000,
        ">=2000" : 0.000000
      },
      "latency_depth" : 128,
      "latency_target" : 0,
      "latency_percentile" : 100.000000,
      "latency_window" : 0
    }
  ]
}
