{
  "fio version" : "fio-3.28",
  "timestamp" : 1690494869,
  "timestamp_ms" : 1690494869636,
  "time" : "Thu Jul 27 21:54:29 2023",
  "global options" : {
    "bs" : "128k",
    "ioengine" : "libaio",
    "rw" : "read",
    "size" : "30G",
    "name" : "test",
    "numjobs" : "16",
    "group_reporting" : "1",
    "iodepth" : "128",
    "fallocate" : "native",
    "runtime" : "120",
    "directory" : "/home/sevag/ramdisk",
    "nrfiles" : "128"
  },
  "jobs" : [
    {
      "jobname" : "jobs1",
      "groupid" : 0,
      "error" : 0,
      "eta" : 0,
      "elapsed" : 5,
      "job options" : {
        "filename_format" : "f$filenum"
      },
      "read" : {
        "io_bytes" : 32212254720,
        "io_kbytes" : 31457280,
        "bw_bytes" : 7296093934,
        "bw" : 7125091,
        "iops" : 55664.779162,
        "runtime" : 4415,
        "total_ios" : 245760,
        "short_ios" : 0,
        "drop_ios" : 0,
        "slat_ns" : {
          "min" : 13708,
          "max" : 193777,
          "mean" : 17417.512931,
          "stddev" : 3698.548115,
          "N" : 245760
        },
        "clat_ns" : {
          "min" : 2156,
          "max" : 17586721,
          "mean" : 2276609.663981,
          "stddev" : 388160.075277,
          "N" : 245760,
          "percentile" : {
            "1.000000" : 2056192,
            "5.000000" : 2056192,
            "10.000000" : 2072576,
            "20.000000" : 2072576,
            "30.000000" : 2072576,
            "40.000000" : 2088960,
            "50.000000" : 2088960,
            "60.000000" : 2088960,
            "70.000000" : 2113536,
            "80.000000" : 2801664,
            "90.000000" : 2834432,
            "95.000000" : 2834432,
            "99.000000" : 2867200,
            "99.500000" : 2867200,
            "99.900000" : 3457024,
            "99.950000" : 4620288,
            "99.990000" : 14614528
          }
        },
        "lat_ns" : {
          "min" : 17428,
          "max" : 17781777,
          "mean" : 2294067.025264,
          "stddev" : 391591.000942,
          "N" : 245760
        },
        "bw_min" : 5560126,
        "bw_max" : 7828992,
        "bw_agg" : 100.000000,
        "bw_mean" : 7128268.000000,
        "bw_dev" : 995596.755071,
        "bw_samples" : 8,
        "iops_min" : 43438,
        "iops_max" : 61164,
        "iops_mean" : 55689.500000,
        "iops_stddev" : 7778.182068,
        "iops_samples" : 8
      },
      "write" : {
        "io_bytes" : 0,
        "io_kbytes" : 0,
        "bw_bytes" : 0,
        "bw" : 0,
        "iops" : 0.000000,
        "runtime" : 0,
        "total_ios" : 0,
        "short_ios" : 0,
        "drop_ios" : 0,
        "slat_ns" : {
          "min" : 0,
          "max" : 0,
          "mean" : 0.000000,
          "stddev" : 0.000000,
          "N" : 0
        },
        "clat_ns" : {
          "min" : 0,
          "max" : 0,
          "mean" : 0.000000,
          "stddev" : 0.000000,
          "N" : 0
        },
        "lat_ns" : {
          "min" : 0,
          "max" : 0,
          "mean" : 0.000000,
          "stddev" : 0.000000,
          "N" : 0
        },
        "bw_min" : 0,
        "bw_max" : 0,
        "bw_agg" : 0.000000,
        "bw_mean" : 0.000000,
        "bw_dev" : 0.000000,
        "bw_samples" : 0,
        "iops_min" : 0,
        "iops_max" : 0,
        "iops_mean" : 0.000000,
        "iops_stddev" : 0.000000,
        "iops_samples" : 0
      },
      "trim" : {
        "io_bytes" : 0,
        "io_kbytes" : 0,
        "bw_bytes" : 0,
        "bw" : 0,
        "iops" : 0.000000,
        "runtime" : 0,
        "total_ios" : 0,
        "short_ios" : 0,
        "drop_ios" : 0,
        "slat_ns" : {
          "min" : 0,
          "max" : 0,
          "mean" : 0.000000,
          "stddev" : 0.000000,
          "N" : 0
        },
        "clat_ns" : {
          "min" : 0,
          "max" : 0,
          "mean" : 0.000000,
          "stddev" : 0.000000,
          "N" : 0
        },
        "lat_ns" : {
          "min" : 0,
          "max" : 0,
          "mean" : 0.000000,
          "stddev" : 0.000000,
          "N" : 0
        },
        "bw_min" : 0,
        "bw_max" : 0,
        "bw_agg" : 0.000000,
        "bw_mean" : 0.000000,
        "bw_dev" : 0.000000,
        "bw_samples" : 0,
        "iops_min" : 0,
        "iops_max" : 0,
        "iops_mean" : 0.000000,
        "iops_stddev" : 0.000000,
        "iops_samples" : 0
      },
      "sync" : {
        "total_ios" : 0,
        "lat_ns" : {
          "min" : 0,
          "max" : 0,
          "mean" : 0.000000,
          "stddev" : 0.000000,
          "N" : 0
        }
      },
      "job_runtime" : 4414,
      "usr_cpu" : 2.514726,
      "sys_cpu" : 97.485274,
      "ctx" : 3,
      "majf" : 0,
      "minf" : 4143,
      "iodepth_level" : {
        "1" : 0.100000,
        "2" : 0.100000,
        "4" : 0.100000,
        "8" : 0.100000,
        "16" : 0.100000,
        "32" : 0.100000,
        ">=64" : 99.974365
      },
      "iodepth_submit" : {
        "0" : 0.000000,
        "4" : 100.000000,
        "8" : 0.000000,
        "16" : 0.000000,
        "32" : 0.000000,
        "64" : 0.000000,
        ">=64" : 0.000000
      },
      "iodepth_complete" : {
        "0" : 0.000000,
        "4" : 99.999593,
        "8" : 0.000000,
        "16" : 0.000000,
        "32" : 0.000000,
        "64" : 0.000000,
        ">=64" : 0.100000
      },
      "latency_ns" : {
        "2" : 0.000000,
        "4" : 0.000000,
        "10" : 0.000000,
        "20" : 0.000000,
        "50" : 0.000000,
        "100" : 0.000000,
        "250" : 0.000000,
        "500" : 0.000000,
        "750" : 0.000000,
        "1000" : 0.000000
      },
      "latency_us" : {
        "2" : 0.000000,
        "4" : 0.010000,
        "10" : 0.000000,
        "20" : 0.010000,
        "50" : 0.010000,
        "100" : 0.010000,
        "250" : 0.010000,
        "500" : 0.010000,
        "750" : 0.010000,
        "1000" : 0.010000
      },
      "latency_ms" : {
        "2" : 0.024821,
        "4" : 99.888509,
        "10" : 0.036214,
        "20" : 0.025228,
        "50" : 0.000000,
        "100" : 0.000000,
        "250" : 0.000000,
        "500" : 0.000000,
        "750" : 0.000000,
        "1000" : 0.000000,
        "2000" : 0.000000,
        ">=2000" : 0.000000
      },
      "latency_depth" : 128,
      "latency_target" : 0,
      "latency_percentile" : 100.000000,
      "latency_window" : 0
    }
  ]
}
