{
  "fio version" : "fio-3.28",
  "timestamp" : 1690494305,
  "timestamp_ms" : 1690494305022,
  "time" : "Thu Jul 27 21:45:05 2023",
  "global options" : {
    "bs" : "128k",
    "ioengine" : "libaio",
    "rw" : "read",
    "size" : "10G",
    "name" : "test",
    "numjobs" : "1",
    "group_reporting" : "1",
    "iodepth" : "128",
    "fallocate" : "native",
    "runtime" : "120",
    "directory" : "/home/sevag/fuse_boc",
    "nrfiles" : "128"
  },
  "jobs" : [
    {
      "jobname" : "jobs1",
      "groupid" : 0,
      "error" : 0,
      "eta" : 0,
      "elapsed" : 5,
      "job options" : {
        "filename_format" : "f$filenum"
      },
      "read" : {
        "io_bytes" : 10737418240,
        "io_kbytes" : 10485760,
        "bw_bytes" : 2360390907,
        "bw" : 2305069,
        "iops" : 18008.353484,
        "runtime" : 4549,
        "total_ios" : 81920,
        "short_ios" : 0,
        "drop_ios" : 0,
        "slat_ns" : {
          "min" : 13558,
          "max" : 1086954,
          "mean" : 54487.093347,
          "stddev" : 37188.742131,
          "N" : 81920
        },
        "clat_ns" : {
          "min" : 2139,
          "max" : 92803244,
          "mean" : 6975111.703125,
          "stddev" : 3443845.564171,
          "N" : 81920,
          "percentile" : {
            "1.000000" : 2572288,
            "5.000000" : 2998272,
            "10.000000" : 3522560,
            "20.000000" : 4489216,
            "30.000000" : 5144576,
            "40.000000" : 5865472,
            "50.000000" : 6520832,
            "60.000000" : 7176192,
            "70.000000" : 7831552,
            "80.000000" : 9371648,
            "90.000000" : 11337728,
            "95.000000" : 12255232,
            "99.000000" : 13041664,
            "99.500000" : 13172736,
            "99.900000" : 44826624,
            "99.950000" : 67633152,
            "99.990000" : 87556096
          }
        },
        "lat_ns" : {
          "min" : 22749,
          "max" : 93891988,
          "mean" : 7029672.967346,
          "stddev" : 3462480.438083,
          "N" : 81920
        },
        "bw_min" : 1465088,
        "bw_max" : 3120128,
        "bw_agg" : 99.364998,
        "bw_mean" : 2290432.000000,
        "bw_dev" : 654601.260787,
        "bw_samples" : 9,
        "iops_min" : 11446,
        "iops_max" : 24376,
        "iops_mean" : 17894.000000,
        "iops_stddev" : 5114.072350,
        "iops_samples" : 9
      },
      "write" : {
        "io_bytes" : 0,
        "io_kbytes" : 0,
        "bw_bytes" : 0,
        "bw" : 0,
        "iops" : 0.000000,
        "runtime" : 0,
        "total_ios" : 0,
        "short_ios" : 0,
        "drop_ios" : 0,
        "slat_ns" : {
          "min" : 0,
          "max" : 0,
          "mean" : 0.000000,
          "stddev" : 0.000000,
          "N" : 0
        },
        "clat_ns" : {
          "min" : 0,
          "max" : 0,
          "mean" : 0.000000,
          "stddev" : 0.000000,
          "N" : 0
        },
        "lat_ns" : {
          "min" : 0,
          "max" : 0,
          "mean" : 0.000000,
          "stddev" : 0.000000,
          "N" : 0
        },
        "bw_min" : 0,
        "bw_max" : 0,
        "bw_agg" : 0.000000,
        "bw_mean" : 0.000000,
        "bw_dev" : 0.000000,
        "bw_samples" : 0,
        "iops_min" : 0,
        "iops_max" : 0,
        "iops_mean" : 0.000000,
        "iops_stddev" : 0.000000,
        "iops_samples" : 0
      },
      "trim" : {
        "io_bytes" : 0,
        "io_kbytes" : 0,
        "bw_bytes" : 0,
        "bw" : 0,
        "iops" : 0.000000,
        "runtime" : 0,
        "total_ios" : 0,
        "short_ios" : 0,
        "drop_ios" : 0,
        "slat_ns" : {
          "min" : 0,
          "max" : 0,
          "mean" : 0.000000,
          "stddev" : 0.000000,
          "N" : 0
        },
        "clat_ns" : {
          "min" : 0,
          "max" : 0,
          "mean" : 0.000000,
          "stddev" : 0.000000,
          "N" : 0
        },
        "lat_ns" : {
          "min" : 0,
          "max" : 0,
          "mean" : 0.000000,
          "stddev" : 0.000000,
          "N" : 0
        },
        "bw_min" : 0,
        "bw_max" : 0,
        "bw_agg" : 0.000000,
        "bw_mean" : 0.000000,
        "bw_dev" : 0.000000,
        "bw_samples" : 0,
        "iops_min" : 0,
        "iops_max" : 0,
        "iops_mean" : 0.000000,
        "iops_stddev" : 0.000000,
        "iops_samples" : 0
      },
      "sync" : {
        "total_ios" : 0,
        "lat_ns" : {
          "min" : 0,
          "max" : 0,
          "mean" : 0.000000,
          "stddev" : 0.000000,
          "N" : 0
        }
      },
      "job_runtime" : 4548,
      "usr_cpu" : 1.297274,
      "sys_cpu" : 97.581354,
      "ctx" : 262,
      "majf" : 0,
      "minf" : 4111,
      "iodepth_level" : {
        "1" : 0.100000,
        "2" : 0.100000,
        "4" : 0.100000,
        "8" : 0.100000,
        "16" : 0.100000,
        "32" : 0.100000,
        ">=64" : 99.923096
      },
      "iodepth_submit" : {
        "0" : 0.000000,
        "4" : 100.000000,
        "8" : 0.000000,
        "16" : 0.000000,
        "32" : 0.000000,
        "64" : 0.000000,
        ">=64" : 0.000000
      },
      "iodepth_complete" : {
        "0" : 0.000000,
        "4" : 99.998777,
        "8" : 0.000000,
        "16" : 0.000000,
        "32" : 0.000000,
        "64" : 0.000000,
        ">=64" : 0.100000
      },
      "latency_ns" : {
        "2" : 0.000000,
        "4" : 0.000000,
        "10" : 0.000000,
        "20" : 0.000000,
        "50" : 0.000000,
        "100" : 0.000000,
        "250" : 0.000000,
        "500" : 0.000000,
        "750" : 0.000000,
        "1000" : 0.000000
      },
      "latency_us" : {
        "2" : 0.000000,
        "4" : 0.010000,
        "10" : 0.000000,
        "20" : 0.000000,
        "50" : 0.010000,
        "100" : 0.010000,
        "250" : 0.010986,
        "500" : 0.018311,
        "750" : 0.018311,
        "1000" : 0.018311
      },
      "latency_ms" : {
        "2" : 0.073242,
        "4" : 14.422607,
        "10" : 68.518066,
        "20" : 16.759033,
        "50" : 0.064697,
        "100" : 0.089111,
        "250" : 0.000000,
        "500" : 0.000000,
        "750" : 0.000000,
        "1000" : 0.000000,
        "2000" : 0.000000,
        ">=2000" : 0.000000
      },
      "latency_depth" : 128,
      "latency_target" : 0,
      "latency_percentile" : 100.000000,
      "latency_window" : 0
    }
  ]
}
