{
  "fio version" : "fio-3.28",
  "timestamp" : 1690555004,
  "timestamp_ms" : 1690555004238,
  "time" : "Fri Jul 28 14:36:44 2023",
  "global options" : {
    "bs" : "512k",
    "ioengine" : "libaio",
    "rw" : "write",
    "size" : "30G",
    "name" : "test",
    "numjobs" : "16",
    "group_reporting" : "1",
    "iodepth" : "128",
    "fallocate" : "native",
    "runtime" : "120",
    "directory" : "/tmp/ssfs/home/sevag/fuse_ext4",
    "nrfiles" : "8196"
  },
  "jobs" : [
    {
      "jobname" : "jobs1",
      "groupid" : 0,
      "error" : 0,
      "eta" : 0,
      "elapsed" : 26,
      "job options" : {
        "filename_format" : "f$filenum"
      },
      "read" : {
        "io_bytes" : 0,
        "io_kbytes" : 0,
        "bw_bytes" : 0,
        "bw" : 0,
        "iops" : 0.000000,
        "runtime" : 0,
        "total_ios" : 0,
        "short_ios" : 0,
        "drop_ios" : 0,
        "slat_ns" : {
          "min" : 0,
          "max" : 0,
          "mean" : 0.000000,
          "stddev" : 0.000000,
          "N" : 0
        },
        "clat_ns" : {
          "min" : 0,
          "max" : 0,
          "mean" : 0.000000,
          "stddev" : 0.000000,
          "N" : 0
        },
        "lat_ns" : {
          "min" : 0,
          "max" : 0,
          "mean" : 0.000000,
          "stddev" : 0.000000,
          "N" : 0
        },
        "bw_min" : 0,
        "bw_max" : 0,
        "bw_agg" : 0.000000,
        "bw_mean" : 0.000000,
        "bw_dev" : 0.000000,
        "bw_samples" : 0,
        "iops_min" : 0,
        "iops_max" : 0,
        "iops_mean" : 0.000000,
        "iops_stddev" : 0.000000,
        "iops_samples" : 0
      },
      "write" : {
        "io_bytes" : 30079451136,
        "io_kbytes" : 29374464,
        "bw_bytes" : 1232966516,
        "bw" : 1204068,
        "iops" : 2351.697000,
        "runtime" : 24396,
        "total_ios" : 57372,
        "short_ios" : 0,
        "drop_ios" : 0,
        "slat_ns" : {
          "min" : 178794,
          "max" : 444754040,
          "mean" : 373071.622272,
          "stddev" : 1905489.167726,
          "N" : 57372
        },
        "clat_ns" : {
          "min" : 25386227,
          "max" : 189765762,
          "mean" : 52702869.911124,
          "stddev" : 24686929.109776,
          "N" : 57372,
          "percentile" : {
            "1.000000" : 26083328,
            "5.000000" : 26345472,
            "10.000000" : 26345472,
            "20.000000" : 26607616,
            "30.000000" : 27131904,
            "40.000000" : 52690944,
            "50.000000" : 55312384,
            "60.000000" : 57409536,
            "70.000000" : 59506688,
            "80.000000" : 62128128,
            "90.000000" : 84410368,
            "95.000000" : 104333312,
            "99.000000" : 124256256,
            "99.500000" : 131596288,
            "99.900000" : 177209344,
            "99.950000" : 183500800,
            "99.990000" : 189792256
          }
        },
        "lat_ns" : {
          "min" : 25585699,
          "max" : 581432980,
          "mean" : 53076408.174981,
          "stddev" : 24869852.869353,
          "N" : 57372
        },
        "bw_min" : 603136,
        "bw_max" : 2466816,
        "bw_agg" : 100.000000,
        "bw_mean" : 1240198.000000,
        "bw_dev" : 571119.414696,
        "bw_samples" : 47,
        "iops_min" : 1178,
        "iops_max" : 4818,
        "iops_mean" : 2422.212766,
        "iops_stddev" : 1115.483945,
        "iops_samples" : 47
      },
      "trim" : {
        "io_bytes" : 0,
        "io_kbytes" : 0,
        "bw_bytes" : 0,
        "bw" : 0,
        "iops" : 0.000000,
        "runtime" : 0,
        "total_ios" : 0,
        "short_ios" : 0,
        "drop_ios" : 0,
        "slat_ns" : {
          "min" : 0,
          "max" : 0,
          "mean" : 0.000000,
          "stddev" : 0.000000,
          "N" : 0
        },
        "clat_ns" : {
          "min" : 0,
          "max" : 0,
          "mean" : 0.000000,
          "stddev" : 0.000000,
          "N" : 0
        },
        "lat_ns" : {
          "min" : 0,
          "max" : 0,
          "mean" : 0.000000,
          "stddev" : 0.000000,
          "N" : 0
        },
        "bw_min" : 0,
        "bw_max" : 0,
        "bw_agg" : 0.000000,
        "bw_mean" : 0.000000,
        "bw_dev" : 0.000000,
        "bw_samples" : 0,
        "iops_min" : 0,
        "iops_max" : 0,
        "iops_mean" : 0.000000,
        "iops_stddev" : 0.000000,
        "iops_samples" : 0
      },
      "sync" : {
        "total_ios" : 0,
        "lat_ns" : {
          "min" : 0,
          "max" : 0,
          "mean" : 0.000000,
          "stddev" : 0.000000,
          "N" : 0
        }
      },
      "job_runtime" : 24395,
      "usr_cpu" : 5.988932,
      "sys_cpu" : 64.291863,
      "ctx" : 74070,
      "majf" : 0,
      "minf" : 106,
      "iodepth_level" : {
        "1" : 0.100000,
        "2" : 0.100000,
        "4" : 0.100000,
        "8" : 0.100000,
        "16" : 0.100000,
        "32" : 0.100000,
        ">=64" : 99.890190
      },
      "iodepth_submit" : {
        "0" : 0.000000,
        "4" : 100.000000,
        "8" : 0.000000,
        "16" : 0.000000,
        "32" : 0.000000,
        "64" : 0.000000,
        ">=64" : 0.000000
      },
      "iodepth_complete" : {
        "0" : 0.000000,
        "4" : 99.998253,
        "8" : 0.000000,
        "16" : 0.000000,
        "32" : 0.000000,
        "64" : 0.000000,
        ">=64" : 0.100000
      },
      "latency_ns" : {
        "2" : 0.000000,
        "4" : 0.000000,
        "10" : 0.000000,
        "20" : 0.000000,
        "50" : 0.000000,
        "100" : 0.000000,
        "250" : 0.000000,
        "500" : 0.000000,
        "750" : 0.000000,
        "1000" : 0.000000
      },
      "latency_us" : {
        "2" : 0.000000,
        "4" : 0.000000,
        "10" : 0.000000,
        "20" : 0.000000,
        "50" : 0.000000,
        "100" : 0.000000,
        "250" : 0.000000,
        "500" : 0.000000,
        "750" : 0.000000,
        "1000" : 0.000000
      },
      "latency_ms" : {
        "2" : 0.000000,
        "4" : 0.000000,
        "10" : 0.000000,
        "20" : 0.000000,
        "50" : 37.171443,
        "100" : 56.276581,
        "250" : 6.551977,
        "500" : 0.000000,
        "750" : 0.000000,
        "1000" : 0.000000,
        "2000" : 0.000000,
        ">=2000" : 0.000000
      },
      "latency_depth" : 128,
      "latency_target" : 0,
      "latency_percentile" : 100.000000,
      "latency_window" : 0
    }
  ]
}
