{
  "fio version" : "fio-3.28",
  "timestamp" : 1690549086,
  "timestamp_ms" : 1690549086666,
  "time" : "Fri Jul 28 12:58:06 2023",
  "global options" : {
    "bs" : "32k",
    "ioengine" : "libaio",
    "rw" : "write",
    "size" : "1G",
    "name" : "test",
    "numjobs" : "32",
    "group_reporting" : "1",
    "iodepth" : "128",
    "fallocate" : "native",
    "runtime" : "120",
    "directory" : "/home/sevag/fuse_boc",
    "nrfiles" : "8196"
  },
  "jobs" : [
    {
      "jobname" : "jobs1",
      "groupid" : 0,
      "error" : 0,
      "eta" : 0,
      "elapsed" : 3,
      "job options" : {
        "filename_format" : "f$filenum"
      },
      "read" : {
        "io_bytes" : 0,
        "io_kbytes" : 0,
        "bw_bytes" : 0,
        "bw" : 0,
        "iops" : 0.000000,
        "runtime" : 0,
        "total_ios" : 0,
        "short_ios" : 0,
        "drop_ios" : 0,
        "slat_ns" : {
          "min" : 0,
          "max" : 0,
          "mean" : 0.000000,
          "stddev" : 0.000000,
          "N" : 0
        },
        "clat_ns" : {
          "min" : 0,
          "max" : 0,
          "mean" : 0.000000,
          "stddev" : 0.000000,
          "N" : 0
        },
        "lat_ns" : {
          "min" : 0,
          "max" : 0,
          "mean" : 0.000000,
          "stddev" : 0.000000,
          "N" : 0
        },
        "bw_min" : 0,
        "bw_max" : 0,
        "bw_agg" : 0.000000,
        "bw_mean" : 0.000000,
        "bw_dev" : 0.000000,
        "bw_samples" : 0,
        "iops_min" : 0,
        "iops_max" : 0,
        "iops_mean" : 0.000000,
        "iops_stddev" : 0.000000,
        "iops_samples" : 0
      },
      "write" : {
        "io_bytes" : 805699584,
        "io_kbytes" : 786816,
        "bw_bytes" : 309408442,
        "bw" : 302156,
        "iops" : 9442.396313,
        "runtime" : 2604,
        "total_ios" : 24588,
        "short_ios" : 0,
        "drop_ios" : 0,
        "slat_ns" : {
          "min" : 14179,
          "max" : 132172224,
          "mean" : 73088.624207,
          "stddev" : 1183175.430055,
          "N" : 24588
        },
        "clat_ns" : {
          "min" : 2506767,
          "max" : 443447991,
          "mean" : 11496553.757565,
          "stddev" : 31688263.309708,
          "N" : 24588,
          "percentile" : {
            "1.000000" : 3719168,
            "5.000000" : 4358144,
            "10.000000" : 4358144,
            "20.000000" : 4358144,
            "30.000000" : 5013504,
            "40.000000" : 5210112,
            "50.000000" : 7831552,
            "60.000000" : 11599872,
            "70.000000" : 13434880,
            "80.000000" : 14221312,
            "90.000000" : 15269888,
            "95.000000" : 15532032,
            "99.000000" : 22937600,
            "99.500000" : 438304768,
            "99.900000" : 442499072,
            "99.950000" : 442499072,
            "99.990000" : 442499072
          }
        },
        "lat_ns" : {
          "min" : 2525551,
          "max" : 443477456,
          "mean" : 11569874.359972,
          "stddev" : 31778263.331008,
          "N" : 24588
        },
        "bw_min" : 252217,
        "bw_max" : 421771,
        "bw_agg" : 100.000000,
        "bw_mean" : 369633.000000,
        "bw_dev" : 80185.762539,
        "bw_samples" : 4,
        "iops_min" : 7881,
        "iops_max" : 13180,
        "iops_mean" : 11550.750000,
        "iops_stddev" : 2506.111912,
        "iops_samples" : 4
      },
      "trim" : {
        "io_bytes" : 0,
        "io_kbytes" : 0,
        "bw_bytes" : 0,
        "bw" : 0,
        "iops" : 0.000000,
        "runtime" : 0,
        "total_ios" : 0,
        "short_ios" : 0,
        "drop_ios" : 0,
        "slat_ns" : {
          "min" : 0,
          "max" : 0,
          "mean" : 0.000000,
          "stddev" : 0.000000,
          "N" : 0
        },
        "clat_ns" : {
          "min" : 0,
          "max" : 0,
          "mean" : 0.000000,
          "stddev" : 0.000000,
          "N" : 0
        },
        "lat_ns" : {
          "min" : 0,
          "max" : 0,
          "mean" : 0.000000,
          "stddev" : 0.000000,
          "N" : 0
        },
        "bw_min" : 0,
        "bw_max" : 0,
        "bw_agg" : 0.000000,
        "bw_mean" : 0.000000,
        "bw_dev" : 0.000000,
        "bw_samples" : 0,
        "iops_min" : 0,
        "iops_max" : 0,
        "iops_mean" : 0.000000,
        "iops_stddev" : 0.000000,
        "iops_samples" : 0
      },
      "sync" : {
        "total_ios" : 0,
        "lat_ns" : {
          "min" : 0,
          "max" : 0,
          "mean" : 0.000000,
          "stddev" : 0.000000,
          "N" : 0
        }
      },
      "job_runtime" : 2603,
      "usr_cpu" : 6.338840,
      "sys_cpu" : 32.885133,
      "ctx" : 17444,
      "majf" : 0,
      "minf" : 131,
      "iodepth_level" : {
        "1" : 0.100000,
        "2" : 0.100000,
        "4" : 0.100000,
        "8" : 0.100000,
        "16" : 0.100000,
        "32" : 0.130145,
        ">=64" : 99.743777
      },
      "iodepth_submit" : {
        "0" : 0.000000,
        "4" : 100.000000,
        "8" : 0.000000,
        "16" : 0.000000,
        "32" : 0.000000,
        "64" : 0.000000,
        ">=64" : 0.000000
      },
      "iodepth_complete" : {
        "0" : 0.000000,
        "4" : 99.995912,
        "8" : 0.000000,
        "16" : 0.000000,
        "32" : 0.000000,
        "64" : 0.000000,
        ">=64" : 0.100000
      },
      "latency_ns" : {
        "2" : 0.000000,
        "4" : 0.000000,
        "10" : 0.000000,
        "20" : 0.000000,
        "50" : 0.000000,
        "100" : 0.000000,
        "250" : 0.000000,
        "500" : 0.000000,
        "750" : 0.000000,
        "1000" : 0.000000
      },
      "latency_us" : {
        "2" : 0.000000,
        "4" : 0.000000,
        "10" : 0.000000,
        "20" : 0.000000,
        "50" : 0.000000,
        "100" : 0.000000,
        "250" : 0.000000,
        "500" : 0.000000,
        "750" : 0.000000,
        "1000" : 0.000000
      },
      "latency_ms" : {
        "2" : 0.000000,
        "4" : 1.220107,
        "10" : 55.954124,
        "20" : 41.544656,
        "50" : 0.727997,
        "100" : 0.010000,
        "250" : 0.012201,
        "500" : 0.532780,
        "750" : 0.000000,
        "1000" : 0.000000,
        "2000" : 0.000000,
        ">=2000" : 0.000000
      },
      "latency_depth" : 128,
      "latency_target" : 0,
      "latency_percentile" : 100.000000,
      "latency_window" : 0
    }
  ]
}
