{
  "fio version" : "fio-3.28",
  "timestamp" : 1690551733,
  "timestamp_ms" : 1690551733443,
  "time" : "Fri Jul 28 13:42:13 2023",
  "global options" : {
    "bs" : "32k",
    "ioengine" : "libaio",
    "rw" : "randread",
    "size" : "30G",
    "name" : "test",
    "numjobs" : "16",
    "group_reporting" : "1",
    "iodepth" : "128",
    "fallocate" : "native",
    "runtime" : "120",
    "directory" : "/home/sevag/ramdisk",
    "nrfiles" : "8196"
  },
  "jobs" : [
    {
      "jobname" : "jobs1",
      "groupid" : 0,
      "error" : 0,
      "eta" : 0,
      "elapsed" : 6,
      "job options" : {
        "filename_format" : "f$filenum"
      },
      "read" : {
        "io_bytes" : 31959416832,
        "io_kbytes" : 31210368,
        "bw_bytes" : 5599056908,
        "bw" : 5467829,
        "iops" : 170869.656622,
        "runtime" : 5708,
        "total_ios" : 975324,
        "short_ios" : 0,
        "drop_ios" : 0,
        "slat_ns" : {
          "min" : 3853,
          "max" : 65412,
          "mean" : 5185.398628,
          "stddev" : 893.327712,
          "N" : 975324
        },
        "clat_ns" : {
          "min" : 656414,
          "max" : 5973374,
          "mean" : 743020.624670,
          "stddev" : 228057.633454,
          "N" : 975324,
          "percentile" : {
            "1.000000" : 667648,
            "5.000000" : 667648,
            "10.000000" : 675840,
            "20.000000" : 675840,
            "30.000000" : 675840,
            "40.000000" : 675840,
            "50.000000" : 684032,
            "60.000000" : 684032,
            "70.000000" : 684032,
            "80.000000" : 716800,
            "90.000000" : 921600,
            "95.000000" : 921600,
            "99.000000" : 1019904,
            "99.500000" : 2310144,
            "99.900000" : 4046848,
            "99.950000" : 4227072,
            "99.990000" : 5210112
          }
        },
        "lat_ns" : {
          "min" : 661345,
          "max" : 6039937,
          "mean" : 748242.736526,
          "stddev" : 228580.877775,
          "N" : 975324
        },
        "bw_min" : 3598313,
        "bw_max" : 5986752,
        "bw_agg" : 100.000000,
        "bw_mean" : 5526896.727273,
        "bw_dev" : 831334.625212,
        "bw_samples" : 11,
        "iops_min" : 112447,
        "iops_max" : 187084,
        "iops_mean" : 172715.454545,
        "iops_stddev" : 25979.245560,
        "iops_samples" : 11
      },
      "write" : {
        "io_bytes" : 0,
        "io_kbytes" : 0,
        "bw_bytes" : 0,
        "bw" : 0,
        "iops" : 0.000000,
        "runtime" : 0,
        "total_ios" : 0,
        "short_ios" : 0,
        "drop_ios" : 0,
        "slat_ns" : {
          "min" : 0,
          "max" : 0,
          "mean" : 0.000000,
          "stddev" : 0.000000,
          "N" : 0
        },
        "clat_ns" : {
          "min" : 0,
          "max" : 0,
          "mean" : 0.000000,
          "stddev" : 0.000000,
          "N" : 0
        },
        "lat_ns" : {
          "min" : 0,
          "max" : 0,
          "mean" : 0.000000,
          "stddev" : 0.000000,
          "N" : 0
        },
        "bw_min" : 0,
        "bw_max" : 0,
        "bw_agg" : 0.000000,
        "bw_mean" : 0.000000,
        "bw_dev" : 0.000000,
        "bw_samples" : 0,
        "iops_min" : 0,
        "iops_max" : 0,
        "iops_mean" : 0.000000,
        "iops_stddev" : 0.000000,
        "iops_samples" : 0
      },
      "trim" : {
        "io_bytes" : 0,
        "io_kbytes" : 0,
        "bw_bytes" : 0,
        "bw" : 0,
        "iops" : 0.000000,
        "runtime" : 0,
        "total_ios" : 0,
        "short_ios" : 0,
        "drop_ios" : 0,
        "slat_ns" : {
          "min" : 0,
          "max" : 0,
          "mean" : 0.000000,
          "stddev" : 0.000000,
          "N" : 0
        },
        "clat_ns" : {
          "min" : 0,
          "max" : 0,
          "mean" : 0.000000,
          "stddev" : 0.000000,
          "N" : 0
        },
        "lat_ns" : {
          "min" : 0,
          "max" : 0,
          "mean" : 0.000000,
          "stddev" : 0.000000,
          "N" : 0
        },
        "bw_min" : 0,
        "bw_max" : 0,
        "bw_agg" : 0.000000,
        "bw_mean" : 0.000000,
        "bw_dev" : 0.000000,
        "bw_samples" : 0,
        "iops_min" : 0,
        "iops_max" : 0,
        "iops_mean" : 0.000000,
        "iops_stddev" : 0.000000,
        "iops_samples" : 0
      },
      "sync" : {
        "total_ios" : 0,
        "lat_ns" : {
          "min" : 0,
          "max" : 0,
          "mean" : 0.000000,
          "stddev" : 0.000000,
          "N" : 0
        }
      },
      "job_runtime" : 5707,
      "usr_cpu" : 10.863851,
      "sys_cpu" : 89.136149,
      "ctx" : 5,
      "majf" : 0,
      "minf" : 1062,
      "iodepth_level" : {
        "1" : 0.100000,
        "2" : 0.100000,
        "4" : 0.100000,
        "8" : 0.100000,
        "16" : 0.100000,
        "32" : 0.100000,
        ">=64" : 99.993541
      },
      "iodepth_submit" : {
        "0" : 0.000000,
        "4" : 100.000000,
        "8" : 0.000000,
        "16" : 0.000000,
        "32" : 0.000000,
        "64" : 0.000000,
        ">=64" : 0.000000
      },
      "iodepth_complete" : {
        "0" : 0.000000,
        "4" : 99.999897,
        "8" : 0.000000,
        "16" : 0.000000,
        "32" : 0.000000,
        "64" : 0.000000,
        ">=64" : 0.100000
      },
      "latency_ns" : {
        "2" : 0.000000,
        "4" : 0.000000,
        "10" : 0.000000,
        "20" : 0.000000,
        "50" : 0.000000,
        "100" : 0.000000,
        "250" : 0.000000,
        "500" : 0.000000,
        "750" : 0.000000,
        "1000" : 0.000000
      },
      "latency_us" : {
        "2" : 0.000000,
        "4" : 0.000000,
        "10" : 0.000000,
        "20" : 0.000000,
        "50" : 0.000000,
        "100" : 0.000000,
        "250" : 0.000000,
        "500" : 0.000000,
        "750" : 80.522883,
        "1000" : 18.423519
      },
      "latency_ms" : {
        "2" : 0.478508,
        "4" : 0.464666,
        "10" : 0.110425,
        "20" : 0.000000,
        "50" : 0.000000,
        "100" : 0.000000,
        "250" : 0.000000,
        "500" : 0.000000,
        "750" : 0.000000,
        "1000" : 0.000000,
        "2000" : 0.000000,
        ">=2000" : 0.000000
      },
      "latency_depth" : 128,
      "latency_target" : 0,
      "latency_percentile" : 100.000000,
      "latency_window" : 0
    }
  ]
}
