{
  "fio version" : "fio-3.28",
  "timestamp" : 1690504579,
  "timestamp_ms" : 1690504579336,
  "time" : "Fri Jul 28 00:36:19 2023",
  "global options" : {
    "bs" : "128k",
    "ioengine" : "libaio",
    "rw" : "randwrite",
    "size" : "30G",
    "name" : "test",
    "numjobs" : "1",
    "group_reporting" : "1",
    "iodepth" : "128",
    "fallocate" : "native",
    "runtime" : "120",
    "directory" : "/home/sevag/fuse_boc",
    "nrfiles" : "1024"
  },
  "jobs" : [
    {
      "jobname" : "jobs1",
      "groupid" : 0,
      "error" : 24,
      "eta" : 2147483647,
      "elapsed" : 2,
      "job options" : {
        "filename_format" : "f$filenum"
      },
      "read" : {
        "io_bytes" : 0,
        "io_kbytes" : 0,
        "bw_bytes" : 0,
        "bw" : 0,
        "iops" : 0.000000,
        "runtime" : 0,
        "total_ios" : 0,
        "short_ios" : 0,
        "drop_ios" : 0,
        "slat_ns" : {
          "min" : 0,
          "max" : 0,
          "mean" : 0.000000,
          "stddev" : 0.000000,
          "N" : 0
        },
        "clat_ns" : {
          "min" : 0,
          "max" : 0,
          "mean" : 0.000000,
          "stddev" : 0.000000,
          "N" : 0
        },
        "lat_ns" : {
          "min" : 0,
          "max" : 0,
          "mean" : 0.000000,
          "stddev" : 0.000000,
          "N" : 0
        },
        "bw_min" : 0,
        "bw_max" : 0,
        "bw_agg" : 0.000000,
        "bw_mean" : 0.000000,
        "bw_dev" : 0.000000,
        "bw_samples" : 0,
        "iops_min" : 0,
        "iops_max" : 0,
        "iops_mean" : 0.000000,
        "iops_stddev" : 0.000000,
        "iops_samples" : 0
      },
      "write" : {
        "io_bytes" : 133431296,
        "io_kbytes" : 130304,
        "bw_bytes" : 188728848,
        "bw" : 184305,
        "iops" : 1439.886846,
        "runtime" : 707,
        "total_ios" : 1018,
        "short_ios" : 0,
        "drop_ios" : 0,
        "slat_ns" : {
          "min" : 52763,
          "max" : 159606273,
          "mean" : 660862.274067,
          "stddev" : 9414197.598157,
          "N" : 1018
        },
        "clat_ns" : {
          "min" : 35530,
          "max" : 462404130,
          "mean" : 12646930.609037,
          "stddev" : 17639216.027711,
          "N" : 1018,
          "percentile" : {
            "1.000000" : 1028096,
            "5.000000" : 5079040,
            "10.000000" : 9764864,
            "20.000000" : 10813440,
            "30.000000" : 10944512,
            "40.000000" : 11075584,
            "50.000000" : 11206656,
            "60.000000" : 11468800,
            "70.000000" : 11730944,
            "80.000000" : 13565952,
            "90.000000" : 17170432,
            "95.000000" : 18743296,
            "99.000000" : 20578304,
            "99.500000" : 22151168,
            "99.900000" : 304087040,
            "99.950000" : 463470592,
            "99.990000" : 463470592
          }
        },
        "lat_ns" : {
          "min" : 91488,
          "max" : 621490474,
          "mean" : 13307953.182711,
          "stddev" : 25974797.519748,
          "N" : 1018
        },
        "bw_min" : 0,
        "bw_max" : 0,
        "bw_agg" : 0.000000,
        "bw_mean" : 0.000000,
        "bw_dev" : 0.000000,
        "bw_samples" : 0,
        "iops_min" : 0,
        "iops_max" : 0,
        "iops_mean" : 0.000000,
        "iops_stddev" : 0.000000,
        "iops_samples" : 0
      },
      "trim" : {
        "io_bytes" : 0,
        "io_kbytes" : 0,
        "bw_bytes" : 0,
        "bw" : 0,
        "iops" : 0.000000,
        "runtime" : 0,
        "total_ios" : 0,
        "short_ios" : 0,
        "drop_ios" : 0,
        "slat_ns" : {
          "min" : 0,
          "max" : 0,
          "mean" : 0.000000,
          "stddev" : 0.000000,
          "N" : 0
        },
        "clat_ns" : {
          "min" : 0,
          "max" : 0,
          "mean" : 0.000000,
          "stddev" : 0.000000,
          "N" : 0
        },
        "lat_ns" : {
          "min" : 0,
          "max" : 0,
          "mean" : 0.000000,
          "stddev" : 0.000000,
          "N" : 0
        },
        "bw_min" : 0,
        "bw_max" : 0,
        "bw_agg" : 0.000000,
        "bw_mean" : 0.000000,
        "bw_dev" : 0.000000,
        "bw_samples" : 0,
        "iops_min" : 0,
        "iops_max" : 0,
        "iops_mean" : 0.000000,
        "iops_stddev" : 0.000000,
        "iops_samples" : 0
      },
      "sync" : {
        "total_ios" : 0,
        "lat_ns" : {
          "min" : 0,
          "max" : 0,
          "mean" : 0.000000,
          "stddev" : 0.000000,
          "N" : 0
        }
      },
      "job_runtime" : 706,
      "usr_cpu" : 2.974504,
      "sys_cpu" : 9.773371,
      "ctx" : 1107,
      "majf" : 0,
      "minf" : 20,
      "iodepth_level" : {
        "1" : 0.100000,
        "2" : 0.196464,
        "4" : 0.392927,
        "8" : 0.785855,
        "16" : 1.571709,
        "32" : 3.143418,
        ">=64" : 93.811395
      },
      "iodepth_submit" : {
        "0" : 0.000000,
        "4" : 100.000000,
        "8" : 0.000000,
        "16" : 0.000000,
        "32" : 0.000000,
        "64" : 0.000000,
        ">=64" : 0.000000
      },
      "iodepth_complete" : {
        "0" : 0.000000,
        "4" : 99.887892,
        "8" : 0.000000,
        "16" : 0.000000,
        "32" : 0.000000,
        "64" : 0.000000,
        ">=64" : 0.112108
      },
      "latency_ns" : {
        "2" : 0.000000,
        "4" : 0.000000,
        "10" : 0.000000,
        "20" : 0.000000,
        "50" : 0.000000,
        "100" : 0.000000,
        "250" : 0.000000,
        "500" : 0.000000,
        "750" : 0.000000,
        "1000" : 0.000000
      },
      "latency_us" : {
        "2" : 0.000000,
        "4" : 0.000000,
        "10" : 0.000000,
        "20" : 0.000000,
        "50" : 0.098232,
        "100" : 0.000000,
        "250" : 0.098232,
        "500" : 0.294695,
        "750" : 0.294695,
        "1000" : 0.196464
      },
      "latency_ms" : {
        "2" : 0.982318,
        "4" : 1.964637,
        "10" : 6.286837,
        "20" : 88.113949,
        "50" : 1.375246,
        "100" : 0.000000,
        "250" : 0.098232,
        "500" : 0.196464,
        "750" : 0.000000,
        "1000" : 0.000000,
        "2000" : 0.000000,
        ">=2000" : 0.000000
      },
      "latency_depth" : 128,
      "latency_target" : 0,
      "latency_percentile" : 100.000000,
      "latency_window" : 0
    }
  ]
}
