{
  "fio version" : "fio-3.28",
  "timestamp" : 1690547722,
  "timestamp_ms" : 1690547722021,
  "time" : "Fri Jul 28 12:35:22 2023",
  "global options" : {
    "bs" : "4k",
    "ioengine" : "libaio",
    "rw" : "read",
    "size" : "30G",
    "name" : "test",
    "numjobs" : "1",
    "group_reporting" : "1",
    "iodepth" : "128",
    "fallocate" : "native",
    "runtime" : "120",
    "directory" : "/home/sevag/ramdisk",
    "nrfiles" : "8196"
  },
  "jobs" : [
    {
      "jobname" : "jobs1",
      "groupid" : 0,
      "error" : 0,
      "eta" : 0,
      "elapsed" : 14,
      "job options" : {
        "filename_format" : "f$filenum"
      },
      "read" : {
        "io_bytes" : 32194416640,
        "io_kbytes" : 31439860,
        "bw_bytes" : 2382301068,
        "bw" : 2326465,
        "iops" : 581616.471807,
        "runtime" : 13514,
        "total_ios" : 7859965,
        "short_ios" : 0,
        "drop_ios" : 0,
        "slat_ns" : {
          "min" : 849,
          "max" : 82836,
          "mean" : 1282.561808,
          "stddev" : 297.622795,
          "N" : 7859965
        },
        "clat_ns" : {
          "min" : 191860,
          "max" : 4258275,
          "mean" : 218554.887427,
          "stddev" : 73068.821382,
          "N" : 7859965,
          "percentile" : {
            "1.000000" : 197632,
            "5.000000" : 199680,
            "10.000000" : 201728,
            "20.000000" : 203776,
            "30.000000" : 205824,
            "40.000000" : 207872,
            "50.000000" : 207872,
            "60.000000" : 209920,
            "70.000000" : 211968,
            "80.000000" : 211968,
            "90.000000" : 216064,
            "95.000000" : 350208,
            "99.000000" : 366592,
            "99.500000" : 366592,
            "99.900000" : 1269760,
            "99.950000" : 1826816,
            "99.990000" : 3260416
          }
        },
        "lat_ns" : {
          "min" : 192880,
          "max" : 4259391,
          "mean" : 219871.184072,
          "stddev" : 73207.884620,
          "N" : 7859965
        },
        "bw_min" : 1123952,
        "bw_max" : 2459024,
        "bw_agg" : 100.000000,
        "bw_mean" : 2327584.296296,
        "bw_dev" : 348487.709779,
        "bw_samples" : 27,
        "iops_min" : 280988,
        "iops_max" : 614756,
        "iops_mean" : 581896.148148,
        "iops_stddev" : 87121.958830,
        "iops_samples" : 27
      },
      "write" : {
        "io_bytes" : 0,
        "io_kbytes" : 0,
        "bw_bytes" : 0,
        "bw" : 0,
        "iops" : 0.000000,
        "runtime" : 0,
        "total_ios" : 0,
        "short_ios" : 0,
        "drop_ios" : 0,
        "slat_ns" : {
          "min" : 0,
          "max" : 0,
          "mean" : 0.000000,
          "stddev" : 0.000000,
          "N" : 0
        },
        "clat_ns" : {
          "min" : 0,
          "max" : 0,
          "mean" : 0.000000,
          "stddev" : 0.000000,
          "N" : 0
        },
        "lat_ns" : {
          "min" : 0,
          "max" : 0,
          "mean" : 0.000000,
          "stddev" : 0.000000,
          "N" : 0
        },
        "bw_min" : 0,
        "bw_max" : 0,
        "bw_agg" : 0.000000,
        "bw_mean" : 0.000000,
        "bw_dev" : 0.000000,
        "bw_samples" : 0,
        "iops_min" : 0,
        "iops_max" : 0,
        "iops_mean" : 0.000000,
        "iops_stddev" : 0.000000,
        "iops_samples" : 0
      },
      "trim" : {
        "io_bytes" : 0,
        "io_kbytes" : 0,
        "bw_bytes" : 0,
        "bw" : 0,
        "iops" : 0.000000,
        "runtime" : 0,
        "total_ios" : 0,
        "short_ios" : 0,
        "drop_ios" : 0,
        "slat_ns" : {
          "min" : 0,
          "max" : 0,
          "mean" : 0.000000,
          "stddev" : 0.000000,
          "N" : 0
        },
        "clat_ns" : {
          "min" : 0,
          "max" : 0,
          "mean" : 0.000000,
          "stddev" : 0.000000,
          "N" : 0
        },
        "lat_ns" : {
          "min" : 0,
          "max" : 0,
          "mean" : 0.000000,
          "stddev" : 0.000000,
          "N" : 0
        },
        "bw_min" : 0,
        "bw_max" : 0,
        "bw_agg" : 0.000000,
        "bw_mean" : 0.000000,
        "bw_dev" : 0.000000,
        "bw_samples" : 0,
        "iops_min" : 0,
        "iops_max" : 0,
        "iops_mean" : 0.000000,
        "iops_stddev" : 0.000000,
        "iops_samples" : 0
      },
      "sync" : {
        "total_ios" : 0,
        "lat_ns" : {
          "min" : 0,
          "max" : 0,
          "mean" : 0.000000,
          "stddev" : 0.000000,
          "N" : 0
        }
      },
      "job_runtime" : 13513,
      "usr_cpu" : 22.548657,
      "sys_cpu" : 77.436543,
      "ctx" : 7,
      "majf" : 0,
      "minf" : 196,
      "iodepth_level" : {
        "1" : 0.100000,
        "2" : 0.100000,
        "4" : 0.100000,
        "8" : 0.100000,
        "16" : 0.100000,
        "32" : 0.100000,
        ">=64" : 99.999198
      },
      "iodepth_submit" : {
        "0" : 0.000000,
        "4" : 100.000000,
        "8" : 0.000000,
        "16" : 0.000000,
        "32" : 0.000000,
        "64" : 0.000000,
        ">=64" : 0.000000
      },
      "iodepth_complete" : {
        "0" : 0.000000,
        "4" : 99.999987,
        "8" : 0.000000,
        "16" : 0.000000,
        "32" : 0.000000,
        "64" : 0.000000,
        ">=64" : 0.100000
      },
      "latency_ns" : {
        "2" : 0.000000,
        "4" : 0.000000,
        "10" : 0.000000,
        "20" : 0.000000,
        "50" : 0.000000,
        "100" : 0.000000,
        "250" : 0.000000,
        "500" : 0.000000,
        "750" : 0.000000,
        "1000" : 0.000000
      },
      "latency_us" : {
        "2" : 0.000000,
        "4" : 0.000000,
        "10" : 0.000000,
        "20" : 0.000000,
        "50" : 0.000000,
        "100" : 0.000000,
        "250" : 94.021984,
        "500" : 5.872189,
        "750" : 0.010000,
        "1000" : 0.010000
      },
      "latency_ms" : {
        "2" : 0.061871,
        "4" : 0.042125,
        "10" : 0.010000,
        "20" : 0.000000,
        "50" : 0.000000,
        "100" : 0.000000,
        "250" : 0.000000,
        "500" : 0.000000,
        "750" : 0.000000,
        "1000" : 0.000000,
        "2000" : 0.000000,
        ">=2000" : 0.000000
      },
      "latency_depth" : 128,
      "latency_target" : 0,
      "latency_percentile" : 100.000000,
      "latency_window" : 0
    }
  ]
}
