{
  "fio version" : "fio-3.28",
  "timestamp" : 1690547771,
  "timestamp_ms" : 1690547771726,
  "time" : "Fri Jul 28 12:36:11 2023",
  "global options" : {
    "bs" : "4k",
    "ioengine" : "libaio",
    "rw" : "read",
    "size" : "30G",
    "name" : "test",
    "numjobs" : "16",
    "group_reporting" : "1",
    "iodepth" : "128",
    "fallocate" : "native",
    "runtime" : "120",
    "directory" : "/home/sevag/ramdisk",
    "nrfiles" : "8196"
  },
  "jobs" : [
    {
      "jobname" : "jobs1",
      "groupid" : 0,
      "error" : 0,
      "eta" : 0,
      "elapsed" : 14,
      "job options" : {
        "filename_format" : "f$filenum"
      },
      "read" : {
        "io_bytes" : 32194416640,
        "io_kbytes" : 31439860,
        "bw_bytes" : 2454403952,
        "bw" : 2396878,
        "iops" : 599219.714874,
        "runtime" : 13117,
        "total_ios" : 7859965,
        "short_ios" : 0,
        "drop_ios" : 0,
        "slat_ns" : {
          "min" : 838,
          "max" : 67198,
          "mean" : 1230.875546,
          "stddev" : 299.612737,
          "N" : 7859965
        },
        "clat_ns" : {
          "min" : 182434,
          "max" : 4164899,
          "mean" : 212138.652854,
          "stddev" : 73797.635713,
          "N" : 7859965,
          "percentile" : {
            "1.000000" : 189440,
            "5.000000" : 191488,
            "10.000000" : 193536,
            "20.000000" : 195584,
            "30.000000" : 197632,
            "40.000000" : 199680,
            "50.000000" : 201728,
            "60.000000" : 201728,
            "70.000000" : 203776,
            "80.000000" : 205824,
            "90.000000" : 207872,
            "95.000000" : 337920,
            "99.000000" : 350208,
            "99.500000" : 354304,
            "99.900000" : 1335296,
            "99.950000" : 1810432,
            "99.990000" : 3194880
          }
        },
        "lat_ns" : {
          "min" : 183480,
          "max" : 4165989,
          "mean" : 213403.530439,
          "stddev" : 73945.834992,
          "N" : 7859965
        },
        "bw_min" : 1251434,
        "bw_max" : 2556312,
        "bw_agg" : 100.000000,
        "bw_mean" : 2410267.240000,
        "bw_dev" : 368415.512108,
        "bw_samples" : 25,
        "iops_min" : 312860,
        "iops_max" : 639078,
        "iops_mean" : 602566.840000,
        "iops_stddev" : 92103.478529,
        "iops_samples" : 25
      },
      "write" : {
        "io_bytes" : 0,
        "io_kbytes" : 0,
        "bw_bytes" : 0,
        "bw" : 0,
        "iops" : 0.000000,
        "runtime" : 0,
        "total_ios" : 0,
        "short_ios" : 0,
        "drop_ios" : 0,
        "slat_ns" : {
          "min" : 0,
          "max" : 0,
          "mean" : 0.000000,
          "stddev" : 0.000000,
          "N" : 0
        },
        "clat_ns" : {
          "min" : 0,
          "max" : 0,
          "mean" : 0.000000,
          "stddev" : 0.000000,
          "N" : 0
        },
        "lat_ns" : {
          "min" : 0,
          "max" : 0,
          "mean" : 0.000000,
          "stddev" : 0.000000,
          "N" : 0
        },
        "bw_min" : 0,
        "bw_max" : 0,
        "bw_agg" : 0.000000,
        "bw_mean" : 0.000000,
        "bw_dev" : 0.000000,
        "bw_samples" : 0,
        "iops_min" : 0,
        "iops_max" : 0,
        "iops_mean" : 0.000000,
        "iops_stddev" : 0.000000,
        "iops_samples" : 0
      },
      "trim" : {
        "io_bytes" : 0,
        "io_kbytes" : 0,
        "bw_bytes" : 0,
        "bw" : 0,
        "iops" : 0.000000,
        "runtime" : 0,
        "total_ios" : 0,
        "short_ios" : 0,
        "drop_ios" : 0,
        "slat_ns" : {
          "min" : 0,
          "max" : 0,
          "mean" : 0.000000,
          "stddev" : 0.000000,
          "N" : 0
        },
        "clat_ns" : {
          "min" : 0,
          "max" : 0,
          "mean" : 0.000000,
          "stddev" : 0.000000,
          "N" : 0
        },
        "lat_ns" : {
          "min" : 0,
          "max" : 0,
          "mean" : 0.000000,
          "stddev" : 0.000000,
          "N" : 0
        },
        "bw_min" : 0,
        "bw_max" : 0,
        "bw_agg" : 0.000000,
        "bw_mean" : 0.000000,
        "bw_dev" : 0.000000,
        "bw_samples" : 0,
        "iops_min" : 0,
        "iops_max" : 0,
        "iops_mean" : 0.000000,
        "iops_stddev" : 0.000000,
        "iops_samples" : 0
      },
      "sync" : {
        "total_ios" : 0,
        "lat_ns" : {
          "min" : 0,
          "max" : 0,
          "mean" : 0.000000,
          "stddev" : 0.000000,
          "N" : 0
        }
      },
      "job_runtime" : 13116,
      "usr_cpu" : 23.810613,
      "sys_cpu" : 76.174138,
      "ctx" : 10,
      "majf" : 0,
      "minf" : 226,
      "iodepth_level" : {
        "1" : 0.100000,
        "2" : 0.100000,
        "4" : 0.100000,
        "8" : 0.100000,
        "16" : 0.100000,
        "32" : 0.100000,
        ">=64" : 99.999198
      },
      "iodepth_submit" : {
        "0" : 0.000000,
        "4" : 100.000000,
        "8" : 0.000000,
        "16" : 0.000000,
        "32" : 0.000000,
        "64" : 0.000000,
        ">=64" : 0.000000
      },
      "iodepth_complete" : {
        "0" : 0.000000,
        "4" : 99.999987,
        "8" : 0.000000,
        "16" : 0.000000,
        "32" : 0.000000,
        "64" : 0.000000,
        ">=64" : 0.100000
      },
      "latency_ns" : {
        "2" : 0.000000,
        "4" : 0.000000,
        "10" : 0.000000,
        "20" : 0.000000,
        "50" : 0.000000,
        "100" : 0.000000,
        "250" : 0.000000,
        "500" : 0.000000,
        "750" : 0.000000,
        "1000" : 0.000000
      },
      "latency_us" : {
        "2" : 0.000000,
        "4" : 0.000000,
        "10" : 0.000000,
        "20" : 0.000000,
        "50" : 0.000000,
        "100" : 0.000000,
        "250" : 92.893811,
        "500" : 7.000362,
        "750" : 0.010000,
        "1000" : 0.010000
      },
      "latency_ms" : {
        "2" : 0.063512,
        "4" : 0.040764,
        "10" : 0.010000,
        "20" : 0.000000,
        "50" : 0.000000,
        "100" : 0.000000,
        "250" : 0.000000,
        "500" : 0.000000,
        "750" : 0.000000,
        "1000" : 0.000000,
        "2000" : 0.000000,
        ">=2000" : 0.000000
      },
      "latency_depth" : 128,
      "latency_target" : 0,
      "latency_percentile" : 100.000000,
      "latency_window" : 0
    }
  ]
}
