{
  "fio version" : "fio-3.28",
  "timestamp" : 1690473238,
  "timestamp_ms" : 1690473238936,
  "time" : "Thu Jul 27 15:53:58 2023",
  "global options" : {
    "bs" : "4k",
    "ioengine" : "libaio",
    "rw" : "read",
    "size" : "10G",
    "name" : "test",
    "numjobs" : "16",
    "group_reporting" : "1",
    "iodepth" : "128",
    "fallocate" : "native",
    "runtime" : "120",
    "directory" : "/home/sevag/ramdisk",
    "nrfiles" : "64"
  },
  "jobs" : [
    {
      "jobname" : "jobs1",
      "groupid" : 0,
      "error" : 0,
      "eta" : 0,
      "elapsed" : 5,
      "job options" : {
        "filename_format" : "f$filenum"
      },
      "read" : {
        "io_bytes" : 10737418240,
        "io_kbytes" : 10485760,
        "bw_bytes" : 2509328871,
        "bw" : 2450516,
        "iops" : 612629.118953,
        "runtime" : 4279,
        "total_ios" : 2621440,
        "short_ios" : 0,
        "drop_ios" : 0,
        "slat_ns" : {
          "min" : 758,
          "max" : 58035,
          "mean" : 1162.161405,
          "stddev" : 357.075639,
          "N" : 2621440
        },
        "clat_ns" : {
          "min" : 1136,
          "max" : 1426020,
          "mean" : 207466.307695,
          "stddev" : 56158.957430,
          "N" : 2621440,
          "percentile" : {
            "1.000000" : 171008,
            "5.000000" : 173056,
            "10.000000" : 173056,
            "20.000000" : 173056,
            "30.000000" : 175104,
            "40.000000" : 175104,
            "50.000000" : 177152,
            "60.000000" : 177152,
            "70.000000" : 181248,
            "80.000000" : 296960,
            "90.000000" : 305152,
            "95.000000" : 305152,
            "99.000000" : 313344,
            "99.500000" : 317440,
            "99.900000" : 464896,
            "99.950000" : 610304,
            "99.990000" : 626688
          }
        },
        "lat_ns" : {
          "min" : 2195,
          "max" : 1454325,
          "mean" : 208666.081857,
          "stddev" : 56493.401413,
          "N" : 2621440
        },
        "bw_min" : 1677253,
        "bw_max" : 2900264,
        "bw_agg" : 99.620714,
        "bw_mean" : 2441222.250000,
        "bw_dev" : 620449.920122,
        "bw_samples" : 8,
        "iops_min" : 419313,
        "iops_max" : 725066,
        "iops_mean" : 610306.000000,
        "iops_stddev" : 155111.882742,
        "iops_samples" : 8
      },
      "write" : {
        "io_bytes" : 0,
        "io_kbytes" : 0,
        "bw_bytes" : 0,
        "bw" : 0,
        "iops" : 0.000000,
        "runtime" : 0,
        "total_ios" : 0,
        "short_ios" : 0,
        "drop_ios" : 0,
        "slat_ns" : {
          "min" : 0,
          "max" : 0,
          "mean" : 0.000000,
          "stddev" : 0.000000,
          "N" : 0
        },
        "clat_ns" : {
          "min" : 0,
          "max" : 0,
          "mean" : 0.000000,
          "stddev" : 0.000000,
          "N" : 0
        },
        "lat_ns" : {
          "min" : 0,
          "max" : 0,
          "mean" : 0.000000,
          "stddev" : 0.000000,
          "N" : 0
        },
        "bw_min" : 0,
        "bw_max" : 0,
        "bw_agg" : 0.000000,
        "bw_mean" : 0.000000,
        "bw_dev" : 0.000000,
        "bw_samples" : 0,
        "iops_min" : 0,
        "iops_max" : 0,
        "iops_mean" : 0.000000,
        "iops_stddev" : 0.000000,
        "iops_samples" : 0
      },
      "trim" : {
        "io_bytes" : 0,
        "io_kbytes" : 0,
        "bw_bytes" : 0,
        "bw" : 0,
        "iops" : 0.000000,
        "runtime" : 0,
        "total_ios" : 0,
        "short_ios" : 0,
        "drop_ios" : 0,
        "slat_ns" : {
          "min" : 0,
          "max" : 0,
          "mean" : 0.000000,
          "stddev" : 0.000000,
          "N" : 0
        },
        "clat_ns" : {
          "min" : 0,
          "max" : 0,
          "mean" : 0.000000,
          "stddev" : 0.000000,
          "N" : 0
        },
        "lat_ns" : {
          "min" : 0,
          "max" : 0,
          "mean" : 0.000000,
          "stddev" : 0.000000,
          "N" : 0
        },
        "bw_min" : 0,
        "bw_max" : 0,
        "bw_agg" : 0.000000,
        "bw_mean" : 0.000000,
        "bw_dev" : 0.000000,
        "bw_samples" : 0,
        "iops_min" : 0,
        "iops_max" : 0,
        "iops_mean" : 0.000000,
        "iops_stddev" : 0.000000,
        "iops_samples" : 0
      },
      "sync" : {
        "total_ios" : 0,
        "lat_ns" : {
          "min" : 0,
          "max" : 0,
          "mean" : 0.000000,
          "stddev" : 0.000000,
          "N" : 0
        }
      },
      "job_runtime" : 4278,
      "usr_cpu" : 28.120617,
      "sys_cpu" : 71.785881,
      "ctx" : 3,
      "majf" : 0,
      "minf" : 167,
      "iodepth_level" : {
        "1" : 0.100000,
        "2" : 0.100000,
        "4" : 0.100000,
        "8" : 0.100000,
        "16" : 0.100000,
        "32" : 0.100000,
        ">=64" : 99.997597
      },
      "iodepth_submit" : {
        "0" : 0.000000,
        "4" : 100.000000,
        "8" : 0.000000,
        "16" : 0.000000,
        "32" : 0.000000,
        "64" : 0.000000,
        ">=64" : 0.000000
      },
      "iodepth_complete" : {
        "0" : 0.000000,
        "4" : 99.999962,
        "8" : 0.000000,
        "16" : 0.000000,
        "32" : 0.000000,
        "64" : 0.000000,
        ">=64" : 0.100000
      },
      "latency_ns" : {
        "2" : 0.000000,
        "4" : 0.000000,
        "10" : 0.000000,
        "20" : 0.000000,
        "50" : 0.000000,
        "100" : 0.000000,
        "250" : 0.000000,
        "500" : 0.000000,
        "750" : 0.000000,
        "1000" : 0.000000
      },
      "latency_us" : {
        "2" : 0.010000,
        "4" : 0.010000,
        "10" : 0.010000,
        "20" : 0.010000,
        "50" : 0.010000,
        "100" : 0.010000,
        "250" : 75.372047,
        "500" : 24.529419,
        "750" : 0.092545,
        "1000" : 0.010000
      },
      "latency_ms" : {
        "2" : 0.010000,
        "4" : 0.000000,
        "10" : 0.000000,
        "20" : 0.000000,
        "50" : 0.000000,
        "100" : 0.000000,
        "250" : 0.000000,
        "500" : 0.000000,
        "750" : 0.000000,
        "1000" : 0.000000,
        "2000" : 0.000000,
        ">=2000" : 0.000000
      },
      "latency_depth" : 128,
      "latency_target" : 0,
      "latency_percentile" : 100.000000,
      "latency_window" : 0
    }
  ]
}
