{
  "fio version" : "fio-3.28",
  "timestamp" : 1690503324,
  "timestamp_ms" : 1690503324708,
  "time" : "Fri Jul 28 00:15:24 2023",
  "global options" : {
    "bs" : "32k",
    "ioengine" : "libaio",
    "rw" : "read",
    "size" : "1G",
    "name" : "test",
    "numjobs" : "32",
    "group_reporting" : "1",
    "iodepth" : "128",
    "fallocate" : "native",
    "runtime" : "120",
    "directory" : "/tmp/ssfs/home/sevag/fuse_ext4",
    "nrfiles" : "1024"
  },
  "jobs" : [
    {
      "jobname" : "jobs1",
      "groupid" : 0,
      "error" : 24,
      "eta" : 2147483647,
      "elapsed" : 2,
      "job options" : {
        "filename_format" : "f$filenum"
      },
      "read" : {
        "io_bytes" : 33259520,
        "io_kbytes" : 32480,
        "bw_bytes" : 50777893,
        "bw" : 49587,
        "iops" : 1549.618321,
        "runtime" : 655,
        "total_ios" : 1015,
        "short_ios" : 0,
        "drop_ios" : 0,
        "slat_ns" : {
          "min" : 96470,
          "max" : 457419,
          "mean" : 268025.662069,
          "stddev" : 66072.207309,
          "N" : 1015
        },
        "clat_ns" : {
          "min" : 88092,
          "max" : 173957481,
          "mean" : 73909843.417734,
          "stddev" : 30034421.795686,
          "N" : 1015,
          "percentile" : {
            "1.000000" : 7766016,
            "5.000000" : 33816576,
            "10.000000" : 57409536,
            "20.000000" : 63176704,
            "30.000000" : 64225280,
            "40.000000" : 65273856,
            "50.000000" : 67633152,
            "60.000000" : 70778880,
            "70.000000" : 72876032,
            "80.000000" : 76021760,
            "90.000000" : 122159104,
            "95.000000" : 170917888,
            "99.000000" : 173015040,
            "99.500000" : 173015040,
            "99.900000" : 173015040,
            "99.950000" : 173015040,
            "99.990000" : 173015040
          }
        },
        "lat_ns" : {
          "min" : 185540,
          "max" : 174326265,
          "mean" : 74178986.101478,
          "stddev" : 30043280.219967,
          "N" : 1015
        },
        "bw_min" : 43439,
        "bw_max" : 43439,
        "bw_agg" : 87.600200,
        "bw_mean" : 43439.000000,
        "bw_dev" : 0.000000,
        "bw_samples" : 1,
        "iops_min" : 1357,
        "iops_max" : 1357,
        "iops_mean" : 1357.000000,
        "iops_stddev" : 0.000000,
        "iops_samples" : 1
      },
      "write" : {
        "io_bytes" : 0,
        "io_kbytes" : 0,
        "bw_bytes" : 0,
        "bw" : 0,
        "iops" : 0.000000,
        "runtime" : 0,
        "total_ios" : 0,
        "short_ios" : 0,
        "drop_ios" : 0,
        "slat_ns" : {
          "min" : 0,
          "max" : 0,
          "mean" : 0.000000,
          "stddev" : 0.000000,
          "N" : 0
        },
        "clat_ns" : {
          "min" : 0,
          "max" : 0,
          "mean" : 0.000000,
          "stddev" : 0.000000,
          "N" : 0
        },
        "lat_ns" : {
          "min" : 0,
          "max" : 0,
          "mean" : 0.000000,
          "stddev" : 0.000000,
          "N" : 0
        },
        "bw_min" : 0,
        "bw_max" : 0,
        "bw_agg" : 0.000000,
        "bw_mean" : 0.000000,
        "bw_dev" : 0.000000,
        "bw_samples" : 0,
        "iops_min" : 0,
        "iops_max" : 0,
        "iops_mean" : 0.000000,
        "iops_stddev" : 0.000000,
        "iops_samples" : 0
      },
      "trim" : {
        "io_bytes" : 0,
        "io_kbytes" : 0,
        "bw_bytes" : 0,
        "bw" : 0,
        "iops" : 0.000000,
        "runtime" : 0,
        "total_ios" : 0,
        "short_ios" : 0,
        "drop_ios" : 0,
        "slat_ns" : {
          "min" : 0,
          "max" : 0,
          "mean" : 0.000000,
          "stddev" : 0.000000,
          "N" : 0
        },
        "clat_ns" : {
          "min" : 0,
          "max" : 0,
          "mean" : 0.000000,
          "stddev" : 0.000000,
          "N" : 0
        },
        "lat_ns" : {
          "min" : 0,
          "max" : 0,
          "mean" : 0.000000,
          "stddev" : 0.000000,
          "N" : 0
        },
        "bw_min" : 0,
        "bw_max" : 0,
        "bw_agg" : 0.000000,
        "bw_mean" : 0.000000,
        "bw_dev" : 0.000000,
        "bw_samples" : 0,
        "iops_min" : 0,
        "iops_max" : 0,
        "iops_mean" : 0.000000,
        "iops_stddev" : 0.000000,
        "iops_samples" : 0
      },
      "sync" : {
        "total_ios" : 0,
        "lat_ns" : {
          "min" : 0,
          "max" : 0,
          "mean" : 0.000000,
          "stddev" : 0.000000,
          "N" : 0
        }
      },
      "job_runtime" : 655,
      "usr_cpu" : 3.511450,
      "sys_cpu" : 18.473282,
      "ctx" : 2214,
      "majf" : 0,
      "minf" : 1106,
      "iodepth_level" : {
        "1" : 0.100000,
        "2" : 0.197044,
        "4" : 0.394089,
        "8" : 0.788177,
        "16" : 1.576355,
        "32" : 3.152709,
        ">=64" : 93.793103
      },
      "iodepth_submit" : {
        "0" : 0.000000,
        "4" : 100.000000,
        "8" : 0.000000,
        "16" : 0.000000,
        "32" : 0.000000,
        "64" : 0.000000,
        ">=64" : 0.000000
      },
      "iodepth_complete" : {
        "0" : 0.000000,
        "4" : 99.887514,
        "8" : 0.000000,
        "16" : 0.000000,
        "32" : 0.000000,
        "64" : 0.000000,
        ">=64" : 0.112486
      },
      "latency_ns" : {
        "2" : 0.000000,
        "4" : 0.000000,
        "10" : 0.000000,
        "20" : 0.000000,
        "50" : 0.000000,
        "100" : 0.000000,
        "250" : 0.000000,
        "500" : 0.000000,
        "750" : 0.000000,
        "1000" : 0.000000
      },
      "latency_us" : {
        "2" : 0.000000,
        "4" : 0.000000,
        "10" : 0.000000,
        "20" : 0.000000,
        "50" : 0.000000,
        "100" : 0.098522,
        "250" : 0.000000,
        "500" : 0.000000,
        "750" : 0.000000,
        "1000" : 0.000000
      },
      "latency_ms" : {
        "2" : 0.098522,
        "4" : 0.295567,
        "10" : 0.985222,
        "20" : 1.280788,
        "50" : 4.630542,
        "100" : 80.985222,
        "250" : 11.625616,
        "500" : 0.000000,
        "750" : 0.000000,
        "1000" : 0.000000,
        "2000" : 0.000000,
        ">=2000" : 0.000000
      },
      "latency_depth" : 128,
      "latency_target" : 0,
      "latency_percentile" : 100.000000,
      "latency_window" : 0
    }
  ]
}
