{
  "fio version" : "fio-3.28",
  "timestamp" : 1690502998,
  "timestamp_ms" : 1690502998788,
  "time" : "Fri Jul 28 00:09:58 2023",
  "global options" : {
    "bs" : "32k",
    "ioengine" : "libaio",
    "rw" : "read",
    "size" : "30G",
    "name" : "test",
    "numjobs" : "1",
    "group_reporting" : "1",
    "iodepth" : "128",
    "fallocate" : "native",
    "runtime" : "120",
    "directory" : "/tmp/ssfs/home/sevag/fuse_ext4",
    "nrfiles" : "1024"
  },
  "jobs" : [
    {
      "jobname" : "jobs1",
      "groupid" : 0,
      "error" : 24,
      "eta" : 2147483647,
      "elapsed" : 1,
      "job options" : {
        "filename_format" : "f$filenum"
      },
      "read" : {
        "io_bytes" : 33193984,
        "io_kbytes" : 32416,
        "bw_bytes" : 57930164,
        "bw" : 56572,
        "iops" : 1767.888307,
        "runtime" : 573,
        "total_ios" : 1013,
        "short_ios" : 0,
        "drop_ios" : 0,
        "slat_ns" : {
          "min" : 94554,
          "max" : 414096,
          "mean" : 270280.510365,
          "stddev" : 47395.983669,
          "N" : 1013
        },
        "clat_ns" : {
          "min" : 87875,
          "max" : 99253939,
          "mean" : 66152055.167818,
          "stddev" : 15212239.635762,
          "N" : 1013,
          "percentile" : {
            "1.000000" : 8978432,
            "5.000000" : 30015488,
            "10.000000" : 55836672,
            "20.000000" : 62652416,
            "30.000000" : 64225280,
            "40.000000" : 65798144,
            "50.000000" : 66846720,
            "60.000000" : 67633152,
            "70.000000" : 73924608,
            "80.000000" : 76021760,
            "90.000000" : 77070336,
            "95.000000" : 89653248,
            "99.000000" : 96993280,
            "99.500000" : 98041856,
            "99.900000" : 99090432,
            "99.950000" : 99090432,
            "99.990000" : 99090432
          }
        },
        "lat_ns" : {
          "min" : 183425,
          "max" : 99661479,
          "mean" : 66423329.220138,
          "stddev" : 15218013.065378,
          "N" : 1013
        },
        "bw_min" : 48256,
        "bw_max" : 48256,
        "bw_agg" : 85.299506,
        "bw_mean" : 48256.000000,
        "bw_dev" : 0.000000,
        "bw_samples" : 1,
        "iops_min" : 1508,
        "iops_max" : 1508,
        "iops_mean" : 1508.000000,
        "iops_stddev" : 0.000000,
        "iops_samples" : 1
      },
      "write" : {
        "io_bytes" : 0,
        "io_kbytes" : 0,
        "bw_bytes" : 0,
        "bw" : 0,
        "iops" : 0.000000,
        "runtime" : 0,
        "total_ios" : 0,
        "short_ios" : 0,
        "drop_ios" : 0,
        "slat_ns" : {
          "min" : 0,
          "max" : 0,
          "mean" : 0.000000,
          "stddev" : 0.000000,
          "N" : 0
        },
        "clat_ns" : {
          "min" : 0,
          "max" : 0,
          "mean" : 0.000000,
          "stddev" : 0.000000,
          "N" : 0
        },
        "lat_ns" : {
          "min" : 0,
          "max" : 0,
          "mean" : 0.000000,
          "stddev" : 0.000000,
          "N" : 0
        },
        "bw_min" : 0,
        "bw_max" : 0,
        "bw_agg" : 0.000000,
        "bw_mean" : 0.000000,
        "bw_dev" : 0.000000,
        "bw_samples" : 0,
        "iops_min" : 0,
        "iops_max" : 0,
        "iops_mean" : 0.000000,
        "iops_stddev" : 0.000000,
        "iops_samples" : 0
      },
      "trim" : {
        "io_bytes" : 0,
        "io_kbytes" : 0,
        "bw_bytes" : 0,
        "bw" : 0,
        "iops" : 0.000000,
        "runtime" : 0,
        "total_ios" : 0,
        "short_ios" : 0,
        "drop_ios" : 0,
        "slat_ns" : {
          "min" : 0,
          "max" : 0,
          "mean" : 0.000000,
          "stddev" : 0.000000,
          "N" : 0
        },
        "clat_ns" : {
          "min" : 0,
          "max" : 0,
          "mean" : 0.000000,
          "stddev" : 0.000000,
          "N" : 0
        },
        "lat_ns" : {
          "min" : 0,
          "max" : 0,
          "mean" : 0.000000,
          "stddev" : 0.000000,
          "N" : 0
        },
        "bw_min" : 0,
        "bw_max" : 0,
        "bw_agg" : 0.000000,
        "bw_mean" : 0.000000,
        "bw_dev" : 0.000000,
        "bw_samples" : 0,
        "iops_min" : 0,
        "iops_max" : 0,
        "iops_mean" : 0.000000,
        "iops_stddev" : 0.000000,
        "iops_samples" : 0
      },
      "sync" : {
        "total_ios" : 0,
        "lat_ns" : {
          "min" : 0,
          "max" : 0,
          "mean" : 0.000000,
          "stddev" : 0.000000,
          "N" : 0
        }
      },
      "job_runtime" : 572,
      "usr_cpu" : 4.720280,
      "sys_cpu" : 18.356643,
      "ctx" : 2051,
      "majf" : 0,
      "minf" : 1050,
      "iodepth_level" : {
        "1" : 0.100000,
        "2" : 0.197433,
        "4" : 0.394867,
        "8" : 0.789733,
        "16" : 1.579467,
        "32" : 3.158934,
        ">=64" : 93.780849
      },
      "iodepth_submit" : {
        "0" : 0.000000,
        "4" : 100.000000,
        "8" : 0.000000,
        "16" : 0.000000,
        "32" : 0.000000,
        "64" : 0.000000,
        ">=64" : 0.000000
      },
      "iodepth_complete" : {
        "0" : 0.000000,
        "4" : 99.887260,
        "8" : 0.000000,
        "16" : 0.000000,
        "32" : 0.000000,
        "64" : 0.000000,
        ">=64" : 0.112740
      },
      "latency_ns" : {
        "2" : 0.000000,
        "4" : 0.000000,
        "10" : 0.000000,
        "20" : 0.000000,
        "50" : 0.000000,
        "100" : 0.000000,
        "250" : 0.000000,
        "500" : 0.000000,
        "750" : 0.000000,
        "1000" : 0.000000
      },
      "latency_us" : {
        "2" : 0.000000,
        "4" : 0.000000,
        "10" : 0.000000,
        "20" : 0.000000,
        "50" : 0.000000,
        "100" : 0.098717,
        "250" : 0.000000,
        "500" : 0.000000,
        "750" : 0.000000,
        "1000" : 0.000000
      },
      "latency_ms" : {
        "2" : 0.000000,
        "4" : 0.098717,
        "10" : 0.987167,
        "20" : 1.776900,
        "50" : 6.021718,
        "100" : 91.016782,
        "250" : 0.000000,
        "500" : 0.000000,
        "750" : 0.000000,
        "1000" : 0.000000,
        "2000" : 0.000000,
        ">=2000" : 0.000000
      },
      "latency_depth" : 128,
      "latency_target" : 0,
      "latency_percentile" : 100.000000,
      "latency_window" : 0
    }
  ]
}
