{
  "fio version" : "fio-3.28",
  "timestamp" : 1690480013,
  "timestamp_ms" : 1690480013906,
  "time" : "Thu Jul 27 17:46:53 2023",
  "global options" : {
    "bs" : "128k",
    "ioengine" : "libaio",
    "rw" : "read",
    "size" : "10G",
    "name" : "test",
    "numjobs" : "1",
    "group_reporting" : "1",
    "iodepth" : "128",
    "fallocate" : "native",
    "runtime" : "120",
    "directory" : "/tmp/ssfs/home/sevag/fuse_ext4",
    "nrfiles" : "64"
  },
  "jobs" : [
    {
      "jobname" : "jobs1",
      "groupid" : 0,
      "error" : 0,
      "eta" : 0,
      "elapsed" : 6,
      "job options" : {
        "filename_format" : "f$filenum"
      },
      "read" : {
        "io_bytes" : 10737418240,
        "io_kbytes" : 10485760,
        "bw_bytes" : 2037074225,
        "bw" : 1989330,
        "iops" : 15541.642952,
        "runtime" : 5271,
        "total_ios" : 81920,
        "short_ios" : 0,
        "drop_ios" : 0,
        "slat_ns" : {
          "min" : 14466,
          "max" : 1018562,
          "mean" : 63094.473389,
          "stddev" : 41404.631120,
          "N" : 81920
        },
        "clat_ns" : {
          "min" : 1697,
          "max" : 92509065,
          "mean" : 8077984.608936,
          "stddev" : 2451253.270012,
          "N" : 81920,
          "percentile" : {
            "1.000000" : 5537792,
            "5.000000" : 5537792,
            "10.000000" : 5603328,
            "20.000000" : 5603328,
            "30.000000" : 5668864,
            "40.000000" : 9240576,
            "50.000000" : 9240576,
            "60.000000" : 9371648,
            "70.000000" : 9371648,
            "80.000000" : 9371648,
            "90.000000" : 9371648,
            "95.000000" : 9371648,
            "99.000000" : 9502720,
            "99.500000" : 9502720,
            "99.900000" : 20840448,
            "99.950000" : 60030976,
            "99.990000" : 85458944
          }
        },
        "lat_ns" : {
          "min" : 27972,
          "max" : 93529500,
          "mean" : 8141159.213525,
          "stddev" : 2473069.886281,
          "N" : 81920
        },
        "bw_min" : 1415680,
        "bw_max" : 2890752,
        "bw_agg" : 97.409264,
        "bw_mean" : 1937792.000000,
        "bw_dev" : 503110.125505,
        "bw_samples" : 10,
        "iops_min" : 11060,
        "iops_max" : 22584,
        "iops_mean" : 15139.000000,
        "iops_stddev" : 3930.547856,
        "iops_samples" : 10
      },
      "write" : {
        "io_bytes" : 0,
        "io_kbytes" : 0,
        "bw_bytes" : 0,
        "bw" : 0,
        "iops" : 0.000000,
        "runtime" : 0,
        "total_ios" : 0,
        "short_ios" : 0,
        "drop_ios" : 0,
        "slat_ns" : {
          "min" : 0,
          "max" : 0,
          "mean" : 0.000000,
          "stddev" : 0.000000,
          "N" : 0
        },
        "clat_ns" : {
          "min" : 0,
          "max" : 0,
          "mean" : 0.000000,
          "stddev" : 0.000000,
          "N" : 0
        },
        "lat_ns" : {
          "min" : 0,
          "max" : 0,
          "mean" : 0.000000,
          "stddev" : 0.000000,
          "N" : 0
        },
        "bw_min" : 0,
        "bw_max" : 0,
        "bw_agg" : 0.000000,
        "bw_mean" : 0.000000,
        "bw_dev" : 0.000000,
        "bw_samples" : 0,
        "iops_min" : 0,
        "iops_max" : 0,
        "iops_mean" : 0.000000,
        "iops_stddev" : 0.000000,
        "iops_samples" : 0
      },
      "trim" : {
        "io_bytes" : 0,
        "io_kbytes" : 0,
        "bw_bytes" : 0,
        "bw" : 0,
        "iops" : 0.000000,
        "runtime" : 0,
        "total_ios" : 0,
        "short_ios" : 0,
        "drop_ios" : 0,
        "slat_ns" : {
          "min" : 0,
          "max" : 0,
          "mean" : 0.000000,
          "stddev" : 0.000000,
          "N" : 0
        },
        "clat_ns" : {
          "min" : 0,
          "max" : 0,
          "mean" : 0.000000,
          "stddev" : 0.000000,
          "N" : 0
        },
        "lat_ns" : {
          "min" : 0,
          "max" : 0,
          "mean" : 0.000000,
          "stddev" : 0.000000,
          "N" : 0
        },
        "bw_min" : 0,
        "bw_max" : 0,
        "bw_agg" : 0.000000,
        "bw_mean" : 0.000000,
        "bw_dev" : 0.000000,
        "bw_samples" : 0,
        "iops_min" : 0,
        "iops_max" : 0,
        "iops_mean" : 0.000000,
        "iops_stddev" : 0.000000,
        "iops_samples" : 0
      },
      "sync" : {
        "total_ios" : 0,
        "lat_ns" : {
          "min" : 0,
          "max" : 0,
          "mean" : 0.000000,
          "stddev" : 0.000000,
          "N" : 0
        }
      },
      "job_runtime" : 5270,
      "usr_cpu" : 0.815939,
      "sys_cpu" : 98.159393,
      "ctx" : 144,
      "majf" : 0,
      "minf" : 4110,
      "iodepth_level" : {
        "1" : 0.100000,
        "2" : 0.100000,
        "4" : 0.100000,
        "8" : 0.100000,
        "16" : 0.100000,
        "32" : 0.100000,
        ">=64" : 99.923096
      },
      "iodepth_submit" : {
        "0" : 0.000000,
        "4" : 100.000000,
        "8" : 0.000000,
        "16" : 0.000000,
        "32" : 0.000000,
        "64" : 0.000000,
        ">=64" : 0.000000
      },
      "iodepth_complete" : {
        "0" : 0.000000,
        "4" : 99.998777,
        "8" : 0.000000,
        "16" : 0.000000,
        "32" : 0.000000,
        "64" : 0.000000,
        ">=64" : 0.100000
      },
      "latency_ns" : {
        "2" : 0.000000,
        "4" : 0.000000,
        "10" : 0.000000,
        "20" : 0.000000,
        "50" : 0.000000,
        "100" : 0.000000,
        "250" : 0.000000,
        "500" : 0.000000,
        "750" : 0.000000,
        "1000" : 0.000000
      },
      "latency_us" : {
        "2" : 0.010000,
        "4" : 0.000000,
        "10" : 0.000000,
        "20" : 0.000000,
        "50" : 0.010000,
        "100" : 0.010000,
        "250" : 0.010000,
        "500" : 0.018311,
        "750" : 0.018311,
        "1000" : 0.017090
      },
      "latency_ms" : {
        "2" : 0.064697,
        "4" : 0.140381,
        "10" : 99.503174,
        "20" : 0.120850,
        "50" : 0.040283,
        "100" : 0.063477,
        "250" : 0.000000,
        "500" : 0.000000,
        "750" : 0.000000,
        "1000" : 0.000000,
        "2000" : 0.000000,
        ">=2000" : 0.000000
      },
      "latency_depth" : 128,
      "latency_target" : 0,
      "latency_percentile" : 100.000000,
      "latency_window" : 0
    }
  ]
}
