{
  "fio version" : "fio-3.28",
  "timestamp" : 1690482980,
  "timestamp_ms" : 1690482980188,
  "time" : "Thu Jul 27 18:36:20 2023",
  "global options" : {
    "bs" : "512k",
    "ioengine" : "libaio",
    "rw" : "read",
    "size" : "1G",
    "name" : "test",
    "numjobs" : "1",
    "group_reporting" : "1",
    "iodepth" : "128",
    "fallocate" : "native",
    "runtime" : "120",
    "directory" : "/tmp/ssfs/home/sevag/fuse_ext4",
    "nrfiles" : "64"
  },
  "jobs" : [
    {
      "jobname" : "jobs1",
      "groupid" : 0,
      "error" : 0,
      "eta" : 2147483647,
      "elapsed" : 2,
      "job options" : {
        "filename_format" : "f$filenum"
      },
      "read" : {
        "io_bytes" : 1073741824,
        "io_kbytes" : 1048576,
        "bw_bytes" : 1035430881,
        "bw" : 1011162,
        "iops" : 1974.927676,
        "runtime" : 1037,
        "total_ios" : 2048,
        "short_ios" : 0,
        "drop_ios" : 0,
        "slat_ns" : {
          "min" : 367232,
          "max" : 2014990,
          "mean" : 487390.343750,
          "stddev" : 172384.217469,
          "N" : 2048
        },
        "clat_ns" : {
          "min" : 4171,
          "max" : 156529694,
          "mean" : 58213270.411621,
          "stddev" : 14239306.210708,
          "N" : 2048,
          "percentile" : {
            "1.000000" : 9633792,
            "5.000000" : 49545216,
            "10.000000" : 56360960,
            "20.000000" : 56885248,
            "30.000000" : 57409536,
            "40.000000" : 57409536,
            "50.000000" : 57933824,
            "60.000000" : 57933824,
            "70.000000" : 58458112,
            "80.000000" : 58458112,
            "90.000000" : 60030976,
            "95.000000" : 62652416,
            "99.000000" : 135266304,
            "99.500000" : 145752064,
            "99.900000" : 154140672,
            "99.950000" : 154140672,
            "99.990000" : 156237824
          }
        },
        "lat_ns" : {
          "min" : 494155,
          "max" : 158546496,
          "mean" : 58701351.364258,
          "stddev" : 14359635.102581,
          "N" : 2048
        },
        "bw_min" : 765952,
        "bw_max" : 1125376,
        "bw_agg" : 93.522412,
        "bw_mean" : 945664.000000,
        "bw_dev" : 254151.147721,
        "bw_samples" : 2,
        "iops_min" : 1496,
        "iops_max" : 2198,
        "iops_mean" : 1847.000000,
        "iops_stddev" : 496.388960,
        "iops_samples" : 2
      },
      "write" : {
        "io_bytes" : 0,
        "io_kbytes" : 0,
        "bw_bytes" : 0,
        "bw" : 0,
        "iops" : 0.000000,
        "runtime" : 0,
        "total_ios" : 0,
        "short_ios" : 0,
        "drop_ios" : 0,
        "slat_ns" : {
          "min" : 0,
          "max" : 0,
          "mean" : 0.000000,
          "stddev" : 0.000000,
          "N" : 0
        },
        "clat_ns" : {
          "min" : 0,
          "max" : 0,
          "mean" : 0.000000,
          "stddev" : 0.000000,
          "N" : 0
        },
        "lat_ns" : {
          "min" : 0,
          "max" : 0,
          "mean" : 0.000000,
          "stddev" : 0.000000,
          "N" : 0
        },
        "bw_min" : 0,
        "bw_max" : 0,
        "bw_agg" : 0.000000,
        "bw_mean" : 0.000000,
        "bw_dev" : 0.000000,
        "bw_samples" : 0,
        "iops_min" : 0,
        "iops_max" : 0,
        "iops_mean" : 0.000000,
        "iops_stddev" : 0.000000,
        "iops_samples" : 0
      },
      "trim" : {
        "io_bytes" : 0,
        "io_kbytes" : 0,
        "bw_bytes" : 0,
        "bw" : 0,
        "iops" : 0.000000,
        "runtime" : 0,
        "total_ios" : 0,
        "short_ios" : 0,
        "drop_ios" : 0,
        "slat_ns" : {
          "min" : 0,
          "max" : 0,
          "mean" : 0.000000,
          "stddev" : 0.000000,
          "N" : 0
        },
        "clat_ns" : {
          "min" : 0,
          "max" : 0,
          "mean" : 0.000000,
          "stddev" : 0.000000,
          "N" : 0
        },
        "lat_ns" : {
          "min" : 0,
          "max" : 0,
          "mean" : 0.000000,
          "stddev" : 0.000000,
          "N" : 0
        },
        "bw_min" : 0,
        "bw_max" : 0,
        "bw_agg" : 0.000000,
        "bw_mean" : 0.000000,
        "bw_dev" : 0.000000,
        "bw_samples" : 0,
        "iops_min" : 0,
        "iops_max" : 0,
        "iops_mean" : 0.000000,
        "iops_stddev" : 0.000000,
        "iops_samples" : 0
      },
      "sync" : {
        "total_ios" : 0,
        "lat_ns" : {
          "min" : 0,
          "max" : 0,
          "mean" : 0.000000,
          "stddev" : 0.000000,
          "N" : 0
        }
      },
      "job_runtime" : 1036,
      "usr_cpu" : 0.000000,
      "sys_cpu" : 67.664093,
      "ctx" : 2159,
      "majf" : 0,
      "minf" : 16398,
      "iodepth_level" : {
        "1" : 0.100000,
        "2" : 0.100000,
        "4" : 0.195312,
        "8" : 0.390625,
        "16" : 0.781250,
        "32" : 1.562500,
        ">=64" : 96.923828
      },
      "iodepth_submit" : {
        "0" : 0.000000,
        "4" : 100.000000,
        "8" : 0.000000,
        "16" : 0.000000,
        "32" : 0.000000,
        "64" : 0.000000,
        ">=64" : 0.000000
      },
      "iodepth_complete" : {
        "0" : 0.000000,
        "4" : 99.947971,
        "8" : 0.000000,
        "16" : 0.000000,
        "32" : 0.000000,
        "64" : 0.000000,
        ">=64" : 0.100000
      },
      "latency_ns" : {
        "2" : 0.000000,
        "4" : 0.000000,
        "10" : 0.000000,
        "20" : 0.000000,
        "50" : 0.000000,
        "100" : 0.000000,
        "250" : 0.000000,
        "500" : 0.000000,
        "750" : 0.000000,
        "1000" : 0.000000
      },
      "latency_us" : {
        "2" : 0.000000,
        "4" : 0.000000,
        "10" : 0.048828,
        "20" : 0.000000,
        "50" : 0.000000,
        "100" : 0.000000,
        "250" : 0.000000,
        "500" : 0.048828,
        "750" : 0.000000,
        "1000" : 0.048828
      },
      "latency_ms" : {
        "2" : 0.097656,
        "4" : 0.195312,
        "10" : 0.585938,
        "20" : 1.025391,
        "50" : 2.978516,
        "100" : 92.529297,
        "250" : 2.441406,
        "500" : 0.000000,
        "750" : 0.000000,
        "1000" : 0.000000,
        "2000" : 0.000000,
        ">=2000" : 0.000000
      },
      "latency_depth" : 128,
      "latency_target" : 0,
      "latency_percentile" : 100.000000,
      "latency_window" : 0
    }
  ]
}
