{
  "fio version" : "fio-3.28",
  "timestamp" : 1690545678,
  "timestamp_ms" : 1690545678226,
  "time" : "Fri Jul 28 12:01:18 2023",
  "global options" : {
    "bs" : "4k",
    "ioengine" : "libaio",
    "rw" : "write",
    "size" : "30G",
    "name" : "test",
    "numjobs" : "16",
    "group_reporting" : "1",
    "iodepth" : "128",
    "fallocate" : "native",
    "runtime" : "120",
    "directory" : "/tmp/ssfs/home/sevag/fuse_ext4",
    "nrfiles" : "8196"
  },
  "jobs" : [
    {
      "jobname" : "jobs1",
      "groupid" : 0,
      "error" : 0,
      "eta" : 0,
      "elapsed" : 122,
      "job options" : {
        "filename_format" : "f$filenum"
      },
      "read" : {
        "io_bytes" : 0,
        "io_kbytes" : 0,
        "bw_bytes" : 0,
        "bw" : 0,
        "iops" : 0.000000,
        "runtime" : 0,
        "total_ios" : 0,
        "short_ios" : 0,
        "drop_ios" : 0,
        "slat_ns" : {
          "min" : 0,
          "max" : 0,
          "mean" : 0.000000,
          "stddev" : 0.000000,
          "N" : 0
        },
        "clat_ns" : {
          "min" : 0,
          "max" : 0,
          "mean" : 0.000000,
          "stddev" : 0.000000,
          "N" : 0
        },
        "lat_ns" : {
          "min" : 0,
          "max" : 0,
          "mean" : 0.000000,
          "stddev" : 0.000000,
          "N" : 0
        },
        "bw_min" : 0,
        "bw_max" : 0,
        "bw_agg" : 0.000000,
        "bw_mean" : 0.000000,
        "bw_dev" : 0.000000,
        "bw_samples" : 0,
        "iops_min" : 0,
        "iops_max" : 0,
        "iops_mean" : 0.000000,
        "iops_stddev" : 0.000000,
        "iops_samples" : 0
      },
      "write" : {
        "io_bytes" : 22632034304,
        "io_kbytes" : 22101596,
        "bw_bytes" : 188570428,
        "bw" : 184150,
        "iops" : 46037.702364,
        "runtime" : 120019,
        "total_ios" : 5525399,
        "short_ios" : 0,
        "drop_ios" : 0,
        "slat_ns" : {
          "min" : 2427,
          "max" : 135524615,
          "mean" : 19781.063446,
          "stddev" : 288923.648077,
          "N" : 5525399
        },
        "clat_ns" : {
          "min" : 8538,
          "max" : 195188876,
          "mean" : 2756417.888435,
          "stddev" : 5351912.125086,
          "N" : 5525399,
          "percentile" : {
            "1.000000" : 518144,
            "5.000000" : 536576,
            "10.000000" : 544768,
            "20.000000" : 552960,
            "30.000000" : 569344,
            "40.000000" : 634880,
            "50.000000" : 757760,
            "60.000000" : 1003520,
            "70.000000" : 1122304,
            "80.000000" : 2768896,
            "90.000000" : 5210112,
            "95.000000" : 17956864,
            "99.000000" : 23461888,
            "99.500000" : 26083328,
            "99.900000" : 28442624,
            "99.950000" : 38535168,
            "99.990000" : 50069504
          }
        },
        "lat_ns" : {
          "min" : 480746,
          "max" : 195234768,
          "mean" : 2776407.554977,
          "stddev" : 5383664.483176,
          "N" : 5525399
        },
        "bw_min" : 10241,
        "bw_max" : 473640,
        "bw_agg" : 100.000000,
        "bw_mean" : 184300.292887,
        "bw_dev" : 106162.551476,
        "bw_samples" : 239,
        "iops_min" : 2560,
        "iops_max" : 118410,
        "iops_mean" : 46075.037657,
        "iops_stddev" : 26540.635935,
        "iops_samples" : 239
      },
      "trim" : {
        "io_bytes" : 0,
        "io_kbytes" : 0,
        "bw_bytes" : 0,
        "bw" : 0,
        "iops" : 0.000000,
        "runtime" : 0,
        "total_ios" : 0,
        "short_ios" : 0,
        "drop_ios" : 0,
        "slat_ns" : {
          "min" : 0,
          "max" : 0,
          "mean" : 0.000000,
          "stddev" : 0.000000,
          "N" : 0
        },
        "clat_ns" : {
          "min" : 0,
          "max" : 0,
          "mean" : 0.000000,
          "stddev" : 0.000000,
          "N" : 0
        },
        "lat_ns" : {
          "min" : 0,
          "max" : 0,
          "mean" : 0.000000,
          "stddev" : 0.000000,
          "N" : 0
        },
        "bw_min" : 0,
        "bw_max" : 0,
        "bw_agg" : 0.000000,
        "bw_mean" : 0.000000,
        "bw_dev" : 0.000000,
        "bw_samples" : 0,
        "iops_min" : 0,
        "iops_max" : 0,
        "iops_mean" : 0.000000,
        "iops_stddev" : 0.000000,
        "iops_samples" : 0
      },
      "sync" : {
        "total_ios" : 0,
        "lat_ns" : {
          "min" : 0,
          "max" : 0,
          "mean" : 0.000000,
          "stddev" : 0.000000,
          "N" : 0
        }
      },
      "job_runtime" : 120018,
      "usr_cpu" : 7.541369,
      "sys_cpu" : 31.186155,
      "ctx" : 876650,
      "majf" : 0,
      "minf" : 99,
      "iodepth_level" : {
        "1" : 0.100000,
        "2" : 0.100000,
        "4" : 0.100000,
        "8" : 0.100000,
        "16" : 0.100000,
        "32" : 0.100000,
        ">=64" : 99.998860
      },
      "iodepth_submit" : {
        "0" : 0.000000,
        "4" : 100.000000,
        "8" : 0.000000,
        "16" : 0.000000,
        "32" : 0.000000,
        "64" : 0.000000,
        ">=64" : 0.000000
      },
      "iodepth_complete" : {
        "0" : 0.000000,
        "4" : 99.999982,
        "8" : 0.000000,
        "16" : 0.000000,
        "32" : 0.000000,
        "64" : 0.000000,
        ">=64" : 0.100000
      },
      "latency_ns" : {
        "2" : 0.000000,
        "4" : 0.000000,
        "10" : 0.000000,
        "20" : 0.000000,
        "50" : 0.000000,
        "100" : 0.000000,
        "250" : 0.000000,
        "500" : 0.000000,
        "750" : 0.000000,
        "1000" : 0.000000
      },
      "latency_us" : {
        "2" : 0.000000,
        "4" : 0.000000,
        "10" : 0.010000,
        "20" : 0.000000,
        "50" : 0.000000,
        "100" : 0.000000,
        "250" : 0.000000,
        "500" : 0.055978,
        "750" : 49.720011,
        "1000" : 10.080937
      },
      "latency_ms" : {
        "2" : 19.858584,
        "4" : 4.106111,
        "10" : 7.461289,
        "20" : 4.935354,
        "50" : 3.771854,
        "100" : 0.010000,
        "250" : 0.010000,
        "500" : 0.000000,
        "750" : 0.000000,
        "1000" : 0.000000,
        "2000" : 0.000000,
        ">=2000" : 0.000000
      },
      "latency_depth" : 128,
      "latency_target" : 0,
      "latency_percentile" : 100.000000,
      "latency_window" : 0
    }
  ]
}
