{
  "fio version" : "fio-3.28",
  "timestamp" : 1690548624,
  "timestamp_ms" : 1690548624753,
  "time" : "Fri Jul 28 12:50:24 2023",
  "global options" : {
    "bs" : "32k",
    "ioengine" : "libaio",
    "rw" : "write",
    "size" : "1G",
    "name" : "test",
    "numjobs" : "16",
    "group_reporting" : "1",
    "iodepth" : "128",
    "fallocate" : "native",
    "runtime" : "120",
    "directory" : "/home/sevag/fuse_boc",
    "nrfiles" : "8196"
  },
  "jobs" : [
    {
      "jobname" : "jobs1",
      "groupid" : 0,
      "error" : 0,
      "eta" : 0,
      "elapsed" : 3,
      "job options" : {
        "filename_format" : "f$filenum"
      },
      "read" : {
        "io_bytes" : 0,
        "io_kbytes" : 0,
        "bw_bytes" : 0,
        "bw" : 0,
        "iops" : 0.000000,
        "runtime" : 0,
        "total_ios" : 0,
        "short_ios" : 0,
        "drop_ios" : 0,
        "slat_ns" : {
          "min" : 0,
          "max" : 0,
          "mean" : 0.000000,
          "stddev" : 0.000000,
          "N" : 0
        },
        "clat_ns" : {
          "min" : 0,
          "max" : 0,
          "mean" : 0.000000,
          "stddev" : 0.000000,
          "N" : 0
        },
        "lat_ns" : {
          "min" : 0,
          "max" : 0,
          "mean" : 0.000000,
          "stddev" : 0.000000,
          "N" : 0
        },
        "bw_min" : 0,
        "bw_max" : 0,
        "bw_agg" : 0.000000,
        "bw_mean" : 0.000000,
        "bw_dev" : 0.000000,
        "bw_samples" : 0,
        "iops_min" : 0,
        "iops_max" : 0,
        "iops_mean" : 0.000000,
        "iops_stddev" : 0.000000,
        "iops_samples" : 0
      },
      "write" : {
        "io_bytes" : 805699584,
        "io_kbytes" : 786816,
        "bw_bytes" : 320995850,
        "bw" : 313472,
        "iops" : 9796.015936,
        "runtime" : 2510,
        "total_ios" : 24588,
        "short_ios" : 0,
        "drop_ios" : 0,
        "slat_ns" : {
          "min" : 14862,
          "max" : 135105944,
          "mean" : 73457.602326,
          "stddev" : 1257842.513218,
          "N" : 24588
        },
        "clat_ns" : {
          "min" : 2426261,
          "max" : 515646271,
          "mean" : 10440303.124126,
          "stddev" : 25907534.801696,
          "N" : 24588,
          "percentile" : {
            "1.000000" : 2965504,
            "5.000000" : 3981312,
            "10.000000" : 4014080,
            "20.000000" : 4358144,
            "30.000000" : 4358144,
            "40.000000" : 5668864,
            "50.000000" : 7045120,
            "60.000000" : 8028160,
            "70.000000" : 13041664,
            "80.000000" : 13828096,
            "90.000000" : 14614528,
            "95.000000" : 15269888,
            "99.000000" : 18743296,
            "99.500000" : 350224384,
            "99.900000" : 350224384,
            "99.950000" : 350224384,
            "99.990000" : 513802240
          }
        },
        "lat_ns" : {
          "min" : 2443431,
          "max" : 515726003,
          "mean" : 10513988.447210,
          "stddev" : 26105011.669714,
          "N" : 24588
        },
        "bw_min" : 176092,
        "bw_max" : 477120,
        "bw_agg" : 100.000000,
        "bw_mean" : 374295.000000,
        "bw_dev" : 137243.682779,
        "bw_samples" : 4,
        "iops_min" : 5502,
        "iops_max" : 14910,
        "iops_mean" : 11696.500000,
        "iops_stddev" : 4289.286304,
        "iops_samples" : 4
      },
      "trim" : {
        "io_bytes" : 0,
        "io_kbytes" : 0,
        "bw_bytes" : 0,
        "bw" : 0,
        "iops" : 0.000000,
        "runtime" : 0,
        "total_ios" : 0,
        "short_ios" : 0,
        "drop_ios" : 0,
        "slat_ns" : {
          "min" : 0,
          "max" : 0,
          "mean" : 0.000000,
          "stddev" : 0.000000,
          "N" : 0
        },
        "clat_ns" : {
          "min" : 0,
          "max" : 0,
          "mean" : 0.000000,
          "stddev" : 0.000000,
          "N" : 0
        },
        "lat_ns" : {
          "min" : 0,
          "max" : 0,
          "mean" : 0.000000,
          "stddev" : 0.000000,
          "N" : 0
        },
        "bw_min" : 0,
        "bw_max" : 0,
        "bw_agg" : 0.000000,
        "bw_mean" : 0.000000,
        "bw_dev" : 0.000000,
        "bw_samples" : 0,
        "iops_min" : 0,
        "iops_max" : 0,
        "iops_mean" : 0.000000,
        "iops_stddev" : 0.000000,
        "iops_samples" : 0
      },
      "sync" : {
        "total_ios" : 0,
        "lat_ns" : {
          "min" : 0,
          "max" : 0,
          "mean" : 0.000000,
          "stddev" : 0.000000,
          "N" : 0
        }
      },
      "job_runtime" : 2509,
      "usr_cpu" : 6.098047,
      "sys_cpu" : 31.367079,
      "ctx" : 16984,
      "majf" : 0,
      "minf" : 102,
      "iodepth_level" : {
        "1" : 0.100000,
        "2" : 0.100000,
        "4" : 0.100000,
        "8" : 0.100000,
        "16" : 0.100000,
        "32" : 0.130145,
        ">=64" : 99.743777
      },
      "iodepth_submit" : {
        "0" : 0.000000,
        "4" : 100.000000,
        "8" : 0.000000,
        "16" : 0.000000,
        "32" : 0.000000,
        "64" : 0.000000,
        ">=64" : 0.000000
      },
      "iodepth_complete" : {
        "0" : 0.000000,
        "4" : 99.995912,
        "8" : 0.000000,
        "16" : 0.000000,
        "32" : 0.000000,
        "64" : 0.000000,
        ">=64" : 0.100000
      },
      "latency_ns" : {
        "2" : 0.000000,
        "4" : 0.000000,
        "10" : 0.000000,
        "20" : 0.000000,
        "50" : 0.000000,
        "100" : 0.000000,
        "250" : 0.000000,
        "500" : 0.000000,
        "750" : 0.000000,
        "1000" : 0.000000
      },
      "latency_us" : {
        "2" : 0.000000,
        "4" : 0.000000,
        "10" : 0.000000,
        "20" : 0.000000,
        "50" : 0.000000,
        "100" : 0.000000,
        "250" : 0.000000,
        "500" : 0.000000,
        "750" : 0.000000,
        "1000" : 0.000000
      },
      "latency_ms" : {
        "2" : 0.000000,
        "4" : 7.015617,
        "10" : 55.868716,
        "20" : 36.424272,
        "50" : 0.117944,
        "100" : 0.010000,
        "250" : 0.024402,
        "500" : 0.532780,
        "750" : 0.012201,
        "1000" : 0.000000,
        "2000" : 0.000000,
        ">=2000" : 0.000000
      },
      "latency_depth" : 128,
      "latency_target" : 0,
      "latency_percentile" : 100.000000,
      "latency_window" : 0
    }
  ]
}
